/*
 Navicat Premium Data Transfer

 Source Server         : conn
 Source Server Type    : MySQL
 Source Server Version : 50626
 Source Host           : localhost
 Source Database       : ShjOJ

 Target Server Type    : MySQL
 Target Server Version : 50626
 File Encoding         : utf-8

 Date: 03/07/2016 23:30:29 PM
*/

SET NAMES utf8;
SET FOREIGN_KEY_CHECKS = 0;

-- ----------------------------
--  Table structure for `tbl_ploj_problems`
-- ----------------------------
DROP TABLE IF EXISTS `tbl_ploj_problems`;
CREATE TABLE `tbl_ploj_problems` (
  `PROBLEM_ID` int(11) NOT NULL AUTO_INCREMENT,
  `PROBLEM_CATEGORY` varchar(255) CHARACTER SET latin1 DEFAULT NULL,
  `PROBLEM_DIGEST` varchar(255) CHARACTER SET latin1 DEFAULT NULL,
  `PROBLEM_CONTENT` varchar(1024) CHARACTER SET latin1 DEFAULT NULL,
  `PROBLEM_LANGUAGE` varchar(255) CHARACTER SET latin1 DEFAULT NULL,
  PRIMARY KEY (`PROBLEM_ID`)
) ENGINE=InnoDB AUTO_INCREMENT=6 DEFAULT CHARSET=utf8;

-- ----------------------------
--  Records of `tbl_ploj_problems`
-- ----------------------------
BEGIN;
INSERT INTO `tbl_ploj_problems` VALUES ('1', 'PROGRAMMING', 'QuickSort in java', 'java : Please Complete A Quick-Sort Algorithm to sort several integer numbers !', 'java&c&cpp'), ('2', 'PROGRAMMING', 'QuickSort in python', 'python : Please Complete A Quick-Sort Algorithm to sort several integer numbers !', 'python'), ('3', 'PROGRAMMING', 'QuickSort in C', 'c : C programming languange : Please Complete A Quick-Sort Algorithm to sort several integer numbers !', 'c'), ('4', 'PROGRAMMING', 'QuickSort in C++', 'c++ : C programming languange : Please Complete A Quick-Sort Algorithm to sort several integer numbers !', 'cpp'), ('5', 'PROGRAMMING', 'QuickSort in Ruby', 'ruby : C programming languange : Please Complete A Quick-Sort Algorithm to sort several integer numbers !', 'ruby');
COMMIT;

-- ----------------------------
--  Table structure for `tbl_ploj_solution`
-- ----------------------------
DROP TABLE IF EXISTS `tbl_ploj_solution`;
CREATE TABLE `tbl_ploj_solution` (
  `solution_id` int(11) NOT NULL AUTO_INCREMENT,
  `problem_id` int(11) DEFAULT NULL,
  `code_submit` varchar(10240) CHARACTER SET latin1 DEFAULT NULL,
  `solution_coder_id` varchar(255) CHARACTER SET latin1 DEFAULT NULL,
  `solution_language` varchar(255) CHARACTER SET latin1 DEFAULT NULL,
  `solution_submit_time` datetime DEFAULT NULL,
  `solution_oj_result` varchar(255) DEFAULT NULL,
  PRIMARY KEY (`solution_id`)
) ENGINE=InnoDB AUTO_INCREMENT=18 DEFAULT CHARSET=utf8;

-- ----------------------------
--  Records of `tbl_ploj_solution`
-- ----------------------------
BEGIN;
INSERT INTO `tbl_ploj_solution` VALUES ('1', '1', '\nimport java.util.Scanner;\n\npublic class Test\n{\n \n    /**\n     * @param args\n     */\n    public static void main(String[] args) \n    {\n        // TODO ????????\n        Quicksort qs = new Quicksort();\n        Scanner scanner = new Scanner(System.in);\n        String input = scanner.nextLine();\n        String[] inputs = input.split(\",\");\n        int i = 0;\n        int data[] = new int[inputs.length];\n        for (String dataString : inputs) {\n        	\n			int x = Integer.parseInt(dataString);\n			data[i++] = x;\n		}\n        \n        		//{44,22,2,32,54,22,88,77,99,11};\n        qs.data = data;\n        qs.sort(0, qs.data.length-1);\n        qs.display();\n    }\n \n}\n \n \nclass Quicksort\n{\n    public int data[];\n     \n    private int partition(int sortArray[],int low,int hight)\n    {\n        int key = sortArray[low];\n         \n        while(low<hight)\n        {\n            while(low<hight && sortArray[hight]>=key)\n                hight--;\n            sortArray[low] = sortArray[hight];\n             \n            while(low<hight && sortArray[low]<=key)\n                low++;\n            sortArray[hight] = sortArray[low];\n        }\n        sortArray[low] = key;\n        return low;\n    }\n     \n    public void sort(int low,int hight)\n    {\n        if(low<hight)\n        {\n            int result = partition(data,low,hight);\n            sort(low,result-1);\n            sort(result+1,hight);\n        }\n         \n    }\n     \n    public void display()\n    {\n        for(int i=0;i<data.length;i++)\n        {\n            System.out.print(data[i]);\n            if(i!=data.length-1)\n            	System.out.print(\",\");\n        }\n    }\n}', '4', 'java', '2016-03-06 09:36:44', 'AC'), ('2', '1', '\nimport java.util.Scanner;\n\npublic class Test\n{\n \n    /**\n     * @param args\n     */\n    public static void main(String[] args) \n    {\n        // TODO ????????\n        Quicksort qs = new Quicksort();\n        Scanner scanner = new Scanner(System.in);\n        String input = scanner.nextLine();\n        String[] inputs = input.split(\",\");\n        int i = 0;\n        int data[] = new int[inputs.length];\n        for (String dataString : inputs) {\n        	\n			int x = Integer.parseInt(dataString);\n			data[i++] = x;\n		}\n        \n        		//{44,22,2,32,54,22,88,77,99,11};\n        qs.data = data;\n        qs.sort(0, qs.data.length-1);\n        qs.display();\n    }\n \n}\n \n \nclass Quicksort\n{\n    public int data[];\n     \n    private int partition(int sortArray[],int low,int hight)\n    {\n        int key = sortArray[low];\n         \n        while(low<hight)\n        {\n            while(low<hight && sortArray[hight]>=key)\n                hight--;\n            sortArray[low] = sortArray[hight];\n             \n            while(low<hight && sortArray[low]<=key)\n                low++;\n            sortArray[hight] = sortArray[low];\n        }\n        sortArray[low] = key;\n        return low;\n    }\n     \n    public void sort(int low,int hight)\n    {\n        if(low<hight)\n        {\n            int result = partition(data,low,hight);\n            sort(low,result-1);\n            sort(result+1,hight);\n        }\n         \n    }\n     \n    public void display()\n    {\n        for(int i=0;i<data.length;i++)\n        {\n            System.out.print(data[i]);\n            if(i!=data.length-1)\n            	System.out.print(\",\");\n        }\n    }\n}', '4', 'java', '2016-03-06 09:50:34', 'AC'), ('3', '1', '\nimport java.util.Scanner;\n\npublic class Test\n{\n \n    /**\n     * @param args\n     */\n    public static void main(String[] args) \n    {\n        // TODO ????????\n        Quicksort qs = new Quicksort();\n        Scanner scanner = new Scanner(System.in);\n        String input = scanner.nextLine();\n        String[] inputs = input.split(\",\");\n        int i = 0;\n        int data[] = new int[inputs.length];\n        for (String dataString : inputs) {\n        	\n			int x = Integer.parseInt(dataString);\n			data[i++] = x;\n		}\n        \n        		//{44,22,2,32,54,22,88,77,99,11};\n        qs.data = data;\n        qs.sort(0, qs.data.length-1);\n        qs.display();\n    }\n \n}\n \n \nclass Quicksort\n{\n    public int data[];\n     \n    private int partition(int sortArray[],int low,int hight)\n    {\n        int key = sortArray[low];\n         \n        while(low<hight)\n        {\n            while(low<hight && sortArray[hight]>=key)\n                hight--;\n            sortArray[low] = sortArray[hight];\n             \n            while(low<hight && sortArray[low]<=key)\n                low++;\n            sortArray[hight] = sortArray[low];\n        }\n        sortArray[low] = key;\n        return low;\n    }\n     \n    public void sort(int low,int hight)\n    {\n        if(low<hight)\n        {\n            int result = partition(data,low,hight);\n            sort(low,result-1);\n            sort(result+1,hight);\n        }\n         \n    }\n     \n    public void display()\n    {\n        for(int i=0;i<data.length;i++)\n        {\n            System.out.print(data[i]);\n            if(i!=data.length-1)\n            	System.out.print(\",\");\n        }\n    }\n}', '4', 'java', '2016-03-06 09:50:53', 'AC'), ('4', '1', '\nimport java.util.Scanner;\n\npublic class Test\n{\n \n    /**\n     * @param args\n     */\n    public static void main(String[] args) \n    {\n        // TODO ????????\n        Quicksort qs = new Quicksort();\n        Scanner scanner = new Scanner(System.in);\n        String input = scanner.nextLine();\n        String[] inputs = input.split(\",\");\n        int i = 0;\n        int data[] = new int[inputs.length];\n        for (String dataString : inputs) {\n        	\n			int x = Integer.parseInt(dataString);\n			data[i++] = x;\n		}\n        \n        		//{44,22,2,32,54,22,88,77,99,11};\n        qs.data = data;\n        qs.sort(0, qs.data.length-1);\n        qs.display();\n    }\n \n}\n \n \nclass Quicksort\n{\n    public int data[];\n     \n    private int partition(int sortArray[],int low,int hight)\n    {\n        int key = sortArray[low];\n         \n        while(low<hight)\n        {\n            while(low<hight && sortArray[hight]>=key)\n                hight--;\n            sortArray[low] = sortArray[hight];\n             \n            while(low<hight && sortArray[low]<=key)\n                low++;\n            sortArray[hight] = sortArray[low];\n        }\n        sortArray[low] = key;\n        return low;\n    }\n     \n    public void sort(int low,int hight)\n    {\n        if(low<hight)\n        {\n            int result = partition(data,low,hight);\n            sort(low,result-1);\n            sort(result+1,hight);\n        }\n         \n    }\n     \n    public void display()\n    {\n        for(int i=0;i<data.length;i++)\n        {\n            System.out.print(data[i]);\n            if(i!=data.length-1)\n            	System.out.print(\",\");\n        }\n    }\n}', '4', 'java', '2016-03-06 09:51:16', 'AC'), ('5', '1', '\nimport java.util.Scanner;\n\npublic class Test\n{\n \n    /**\n     * @param args\n     */\n    public static void main(String[] args) \n    {\n        // TODO ????????\n        Quicksort qs = new Quicksort();\n        Scanner scanner = new Scanner(System.in);\n        String input = scanner.nextLine();\n        String[] inputs = input.split(\",\");\n        int i = 0;\n        int data[] = new int[inputs.length];\n        for (String dataString : inputs) {\n        	\n			int x = Integer.parseInt(dataString);\n			data[i++] = x;\n		}\n        \n        		//{44,22,2,32,54,22,88,77,99,11};\n        qs.data = data;\n        qs.sort(0, qs.data.length-1);\n        qs.display();\n    }\n \n}\n \n \nclass Quicksort\n{\n    public int data[];\n     \n    private int partition(int sortArray[],int low,int hight)\n    {\n        int key = sortArray[low];\n         \n        while(low<hight)\n        {\n            while(low<hight && sortArray[hight]>=key)\n                hight--;\n            sortArray[low] = sortArray[hight];\n             \n            while(low<hight && sortArray[low]<=key)\n                low++;\n            sortArray[hight] = sortArray[low];\n        }\n        sortArray[low] = key;\n        return low;\n    }\n     \n    public void sort(int low,int hight)\n    {\n        if(low<hight)\n        {\n            int result = partition(data,low,hight);\n            sort(low,result-1);\n            sort(result+1,hight);\n        }\n         \n    }\n     \n    public void display()\n    {\n        for(int i=0;i<data.length;i++)\n        {\n            System.out.print(data[i]);\n            if(i!=data.length-1)\n            	System.out.print(\",\");\n        }\n    }\n}', '4', 'java', '2016-03-06 10:09:39', 'AC'), ('6', '1', '\nimport java.util.Scanner;\n\npublic class Test\n{\n \n    /**\n     * @param args\n     */\n    public static void main(String[] args) \n    {\n        // TODO ????????\n        Quicksort qs = new Quicksort();\n        Scanner scanner = new Scanner(System.in);\n        String input = scanner.nextLine();\n        String[] inputs = input.split(\",\");\n        int i = 0;\n        int data[] = new int[inputs.length];\n        for (String dataString : inputs) {\n        	\n			int x = Integer.parseInt(dataString);\n			data[i++] = x;\n		}\n        \n        		//{44,22,2,32,54,22,88,77,99,11};\n        qs.data = data;\n        qs.sort(0, qs.data.length-1);\n        qs.display();\n    }\n \n}\n \n \nclass Quicksort\n{\n    public int data[];\n     \n    private int partition(int sortArray[],int low,int hight)\n    {\n        int key = sortArray[low];\n         \n        while(low<hight)\n        {\n            while(low<hight && sortArray[hight]>=key)\n                hight--;\n            sortArray[low] = sortArray[hight];\n             \n            while(low<hight && sortArray[low]<=key)\n                low++;\n            sortArray[hight] = sortArray[low];\n        }\n        sortArray[low] = key;\n        return low;\n    }\n     \n    public void sort(int low,int hight)\n    {\n        if(low<hight)\n        {\n            int result = partition(data,low,hight);\n            sort(low,result-1);\n            sort(result+1,hight);\n        }\n         \n    }\n     \n    public void display()\n    {\n        for(int i=0;i<data.length;i++)\n        {\n            System.out.print(data[i]);\n            if(i!=data.length-1)\n            	System.out.print(\",\");\n        }\n    }\n}', '4', 'java', '2016-03-06 10:15:11', 'AC'), ('7', '1', '\nimport java.util.Scanner;\n\npublic class Test\n{\n \n    /**\n     * @param args\n     */\n    public static void main(String[] args) \n    {\n        // TODO ????????\n        Quicksort qs = new Quicksort();\n        Scanner scanner = new Scanner(System.in);\n        String input = scanner.nextLine();\n        String[] inputs = input.split(\",\");\n        int i = 0;\n        int data[] = new int[inputs.length];\n        for (String dataString : inputs) {\n        	\n			int x = Integer.parseInt(dataString);\n			data[i++] = x;\n		}\n        \n        		//{44,22,2,32,54,22,88,77,99,11};\n        qs.data = data;\n        qs.sort(0, qs.data.length-1);\n        qs.display();\n    }\n \n}\n \n \nclass Quicksort\n{\n    public int data[];\n     \n    private int partition(int sortArray[],int low,int hight)\n    {\n        int key = sortArray[low];\n         \n        while(low<hight)\n        {\n            while(low<hight && sortArray[hight]>=key)\n                hight--;\n            sortArray[low] = sortArray[hight];\n             \n            while(low<hight && sortArray[low]<=key)\n                low++;\n            sortArray[hight] = sortArray[low];\n        }\n        sortArray[low] = key;\n        return low;\n    }\n     \n    public void sort(int low,int hight)\n    {\n        if(low<hight)\n        {\n            int result = partition(data,low,hight);\n            sort(low,result-1);\n            sort(result+1,hight);\n        }\n         \n    }\n     \n    public void display()\n    {\n        for(int i=0;i<data.length;i++)\n        {\n            System.out.print(data[i]);\n            if(i!=data.length-1)\n            	System.out.print(\",\");\n        }\n    }\n}', '4', 'java', '2016-03-06 13:34:36', 'AC'), ('8', '1', 'public class Test\n{\n \n    /**\n     * @param args\n     */\n    public static void main(String[] args) \n    {\n        System.out.println(\"FUCK\");\n    }\n}', '4', 'java', '2016-03-06 14:29:57', 'WA'), ('9', '4', '#include <iostream>\nusing namespace std;\n int main()\n {\n char str1[10], str2[10];\n   cin>>str1;\ncout << str1 << endl;\n return 0;\n }', '4', 'cpp', '2016-03-06 15:30:08', 'AC'), ('10', '4', '#include <iostream>\nusing namespace std;\n int main()\n {\n char str1[10], str2[10];\n   cin>>str1;\ncout << str1 << endl;\n return 0;\n }', '4', 'cpp', '2016-03-06 15:31:01', 'AC'), ('11', '1', '#include <iostream>\nusing namespace std;\n int main()\n {\n char str1[10], str2[10];\n   cin>>str1;\ncout << str1 << endl;\n return 0;\n }', '4', 'java', '2016-03-06 15:35:33', 'AC'), ('12', '1', '#include <iostream>\nusing namespace std;\n int main()\n {\n char str1[10], str2[10];\n   cin>>str1;\ncout << str1 << endl;\n return 0;\n }', '4', 'cpp', '2016-03-06 15:35:50', 'AC'), ('13', '4', '#include <iostream>\nusing namespace std;\n int main()\n {\n char str1[10], str2[10];\n   cin>>str1;\ncout << str1 << endl;\n return 0;\n }', '4', 'cpp', '2016-03-06 15:36:08', 'AC'), ('14', '4', '#include <iostream>\nusing namespace std;\n int main()\n {\n char str1[10], str2[10];\n   cin>>str1;\ncout << str1 << endl;\n return 0;\n }', '4', 'cpp', '2016-03-06 15:39:26', 'AC'), ('15', '4', '#include <iostream>\nusing namespace std;\n int main()\n {\n char str1[10], str2[10];\n   cin>>str1;\ncout << str1 << endl;\n return 0;\n }', '4', 'cpp', '2016-03-06 15:41:32', 'AC'), ('16', '4', '#include <iostream>\nusing namespace std;\n int main()\n {\n char str1[1000];\n   cin>>str1;\ncout << str1 << endl;\n return 0;\n }', '4', 'cpp', '2016-03-06 15:44:16', 'AC'), ('17', '4', '#include <iostream>\nusing namespace std;\n int main()\n {\n char str1[1000];\n   cin>>str1;\ncout << str1 << endl;\n return 0;\n }', '4', 'cpp', '2016-03-06 15:45:14', 'WA');
COMMIT;

-- ----------------------------
--  Table structure for `tbl_ploj_test_result`
-- ----------------------------
DROP TABLE IF EXISTS `tbl_ploj_test_result`;
CREATE TABLE `tbl_ploj_test_result` (
  `result_id` int(11) NOT NULL AUTO_INCREMENT,
  `problem_id` int(11) DEFAULT NULL,
  `test_id` int(11) DEFAULT NULL,
  `result` varchar(1024) CHARACTER SET latin1 DEFAULT NULL,
  `oj_result` varchar(1024) CHARACTER SET latin1 DEFAULT NULL,
  `solution_id` int(11) DEFAULT NULL,
  PRIMARY KEY (`result_id`)
) ENGINE=InnoDB AUTO_INCREMENT=265 DEFAULT CHARSET=utf8;

-- ----------------------------
--  Records of `tbl_ploj_test_result`
-- ----------------------------
BEGIN;
INSERT INTO `tbl_ploj_test_result` VALUES ('1', '1', '1', '1,23,71,74,87,97,104,104,159,179', 'AC', null), ('2', '1', '2', '6,39,42,54,71,115,124,124,185,191,199,199', 'AC', null), ('3', '1', '3', '9,10,28,28,39,57,64,66,77,77,94,116,118,141,146,147,151,152,163,168,192,198', 'AC', null), ('4', '1', '4', '6,6,7,12,21,21,33,45,53,57,65,73,76,88,89,101,104,110,125,128,163,170,172,174,176,185,186,186,187,190,194', 'AC', null), ('5', '1', '1', '1,23,71,74,87,97,104,104,159,179', 'AC', null), ('6', '1', '2', '6,39,42,54,71,115,124,124,185,191,199,199', 'AC', null), ('7', '1', '3', '9,10,28,28,39,57,64,66,77,77,94,116,118,141,146,147,151,152,163,168,192,198', 'AC', null), ('8', '1', '4', '6,6,7,12,21,21,33,45,53,57,65,73,76,88,89,101,104,110,125,128,163,170,172,174,176,185,186,186,187,190,194', 'AC', null), ('9', '1', '5', '0,0,4,5,6,6,6,6,7,8,9,10,10,10,11,12,12,13,15,16,17,18,19,20,20,21,21,23,24,25,26,27,28,28,28,33,34,35,36,37,39,39,40,41,41,42,42,42,43,43,43,45,46,46,46,47,50,51,54,54,57,57,59,59,59,62,62,62,63,64,64,66,67,69,71,71,71,72,76,76,79,80,85,86,87,87,87,89,90,90,92,93,93,93,94,94,95,96,96,97,97,97,98,101,104,104,104,105,105,106,107,113,113,119,121,122,122,122,123,125,126,127,127,128,128,128,133,133,133,134,135,136,136,136,138,138,138,139,140,141,142,143,147,147,148,149,149,149,151,153,154,154,155,155,157,157,157,158,158,161,161,162,162,165,167,167,167,167,169,170,170,172,174,175,177,177,178,178,178,179,179,181,182,182,183,185,186,190,191,192,192,194,194,195,196,197,197,197,199,199', 'AC', null), ('10', '1', '1', '1,23,71,74,87,97,104,104,159,179', 'AC', null), ('11', '1', '2', '6,39,42,54,71,115,124,124,185,191,199,199', 'AC', null), ('12', '1', '3', '9,10,28,28,39,57,64,66,77,77,94,116,118,141,146,147,151,152,163,168,192,198', 'AC', null), ('13', '1', '4', '6,6,7,12,21,21,33,45,53,57,65,73,76,88,89,101,104,110,125,128,163,170,172,174,176,185,186,186,187,190,194', 'AC', null), ('14', '1', '5', '0,0,4,5,6,6,6,6,7,8,9,10,10,10,11,12,12,13,15,16,17,18,19,20,20,21,21,23,24,25,26,27,28,28,28,33,34,35,36,37,39,39,40,41,41,42,42,42,43,43,43,45,46,46,46,47,50,51,54,54,57,57,59,59,59,62,62,62,63,64,64,66,67,69,71,71,71,72,76,76,79,80,85,86,87,87,87,89,90,90,92,93,93,93,94,94,95,96,96,97,97,97,98,101,104,104,104,105,105,106,107,113,113,119,121,122,122,122,123,125,126,127,127,128,128,128,133,133,133,134,135,136,136,136,138,138,138,139,140,141,142,143,147,147,148,149,149,149,151,153,154,154,155,155,157,157,157,158,158,161,161,162,162,165,167,167,167,167,169,170,170,172,174,175,177,177,178,178,178,179,179,181,182,182,183,185,186,190,191,192,192,194,194,195,196,197,197,197,199,199', 'AC', null), ('15', '1', '1', '1,23,71,74,87,97,104,104,159,179', 'AC', null), ('16', '1', '2', '6,39,42,54,71,115,124,124,185,191,199,199', 'AC', null), ('17', '1', '3', '9,10,28,28,39,57,64,66,77,77,94,116,118,141,146,147,151,152,163,168,192,198', 'AC', null), ('18', '1', '4', '6,6,7,12,21,21,33,45,53,57,65,73,76,88,89,101,104,110,125,128,163,170,172,174,176,185,186,186,187,190,194', 'AC', null), ('19', '1', '5', '0,0,4,5,6,6,6,6,7,8,9,10,10,10,11,12,12,13,15,16,17,18,19,20,20,21,21,23,24,25,26,27,28,28,28,33,34,35,36,37,39,39,40,41,41,42,42,42,43,43,43,45,46,46,46,47,50,51,54,54,57,57,59,59,59,62,62,62,63,64,64,66,67,69,71,71,71,72,76,76,79,80,85,86,87,87,87,89,90,90,92,93,93,93,94,94,95,96,96,97,97,97,98,101,104,104,104,105,105,106,107,113,113,119,121,122,122,122,123,125,126,127,127,128,128,128,133,133,133,134,135,136,136,136,138,138,138,139,140,141,142,143,147,147,148,149,149,149,151,153,154,154,155,155,157,157,157,158,158,161,161,162,162,165,167,167,167,167,169,170,170,172,174,175,177,177,178,178,178,179,179,181,182,182,183,185,186,190,191,192,192,194,194,195,196,197,197,197,199,199', 'AC', null), ('20', '1', '1', '1,23,71,74,87,97,104,104,159,179', 'AC', null), ('21', '1', '2', '6,39,42,54,71,115,124,124,185,191,199,199', 'AC', null), ('22', '1', '3', '9,10,28,28,39,57,64,66,77,77,94,116,118,141,146,147,151,152,163,168,192,198', 'AC', null), ('23', '1', '4', '6,6,7,12,21,21,33,45,53,57,65,73,76,88,89,101,104,110,125,128,163,170,172,174,176,185,186,186,187,190,194', 'AC', null), ('24', '1', '5', '0,0,4,5,6,6,6,6,7,8,9,10,10,10,11,12,12,13,15,16,17,18,19,20,20,21,21,23,24,25,26,27,28,28,28,33,34,35,36,37,39,39,40,41,41,42,42,42,43,43,43,45,46,46,46,47,50,51,54,54,57,57,59,59,59,62,62,62,63,64,64,66,67,69,71,71,71,72,76,76,79,80,85,86,87,87,87,89,90,90,92,93,93,93,94,94,95,96,96,97,97,97,98,101,104,104,104,105,105,106,107,113,113,119,121,122,122,122,123,125,126,127,127,128,128,128,133,133,133,134,135,136,136,136,138,138,138,139,140,141,142,143,147,147,148,149,149,149,151,153,154,154,155,155,157,157,157,158,158,161,161,162,162,165,167,167,167,167,169,170,170,172,174,175,177,177,178,178,178,179,179,181,182,182,183,185,186,190,191,192,192,194,194,195,196,197,197,197,199,199', 'AC', null), ('25', '1', '1', '1,23,71,74,87,97,104,104,159,179', 'AC', null), ('26', '1', '2', '6,39,42,54,71,115,124,124,185,191,199,199', 'AC', null), ('27', '1', '3', '9,10,28,28,39,57,64,66,77,77,94,116,118,141,146,147,151,152,163,168,192,198', 'AC', null), ('28', '1', '4', '6,6,7,12,21,21,33,45,53,57,65,73,76,88,89,101,104,110,125,128,163,170,172,174,176,185,186,186,187,190,194', 'AC', null), ('29', '1', '5', '0,0,4,5,6,6,6,6,7,8,9,10,10,10,11,12,12,13,15,16,17,18,19,20,20,21,21,23,24,25,26,27,28,28,28,33,34,35,36,37,39,39,40,41,41,42,42,42,43,43,43,45,46,46,46,47,50,51,54,54,57,57,59,59,59,62,62,62,63,64,64,66,67,69,71,71,71,72,76,76,79,80,85,86,87,87,87,89,90,90,92,93,93,93,94,94,95,96,96,97,97,97,98,101,104,104,104,105,105,106,107,113,113,119,121,122,122,122,123,125,126,127,127,128,128,128,133,133,133,134,135,136,136,136,138,138,138,139,140,141,142,143,147,147,148,149,149,149,151,153,154,154,155,155,157,157,157,158,158,161,161,162,162,165,167,167,167,167,169,170,170,172,174,175,177,177,178,178,178,179,179,181,182,182,183,185,186,190,191,192,192,194,194,195,196,197,197,197,199,199', 'AC', null), ('30', '1', '1', '1,23,71,74,87,97,104,104,159,179', 'AC', null), ('31', '1', '2', '6,39,42,54,71,115,124,124,185,191,199,199', 'AC', null), ('32', '1', '3', '9,10,28,28,39,57,64,66,77,77,94,116,118,141,146,147,151,152,163,168,192,198', 'AC', null), ('33', '1', '4', '6,6,7,12,21,21,33,45,53,57,65,73,76,88,89,101,104,110,125,128,163,170,172,174,176,185,186,186,187,190,194', 'AC', null), ('34', '1', '5', '0,0,4,5,6,6,6,6,7,8,9,10,10,10,11,12,12,13,15,16,17,18,19,20,20,21,21,23,24,25,26,27,28,28,28,33,34,35,36,37,39,39,40,41,41,42,42,42,43,43,43,45,46,46,46,47,50,51,54,54,57,57,59,59,59,62,62,62,63,64,64,66,67,69,71,71,71,72,76,76,79,80,85,86,87,87,87,89,90,90,92,93,93,93,94,94,95,96,96,97,97,97,98,101,104,104,104,105,105,106,107,113,113,119,121,122,122,122,123,125,126,127,127,128,128,128,133,133,133,134,135,136,136,136,138,138,138,139,140,141,142,143,147,147,148,149,149,149,151,153,154,154,155,155,157,157,157,158,158,161,161,162,162,165,167,167,167,167,169,170,170,172,174,175,177,177,178,178,178,179,179,181,182,182,183,185,186,190,191,192,192,194,194,195,196,197,197,197,199,199', 'AC', null), ('35', '1', '1', '1,23,71,74,87,97,104,104,159,179', 'AC', null), ('36', '1', '2', '6,39,42,54,71,115,124,124,185,191,199,199', 'AC', null), ('37', '1', '3', '9,10,28,28,39,57,64,66,77,77,94,116,118,141,146,147,151,152,163,168,192,198', 'AC', null), ('38', '1', '4', '6,6,7,12,21,21,33,45,53,57,65,73,76,88,89,101,104,110,125,128,163,170,172,174,176,185,186,186,187,190,194', 'AC', null), ('39', '1', '5', '0,0,4,5,6,6,6,6,7,8,9,10,10,10,11,12,12,13,15,16,17,18,19,20,20,21,21,23,24,25,26,27,28,28,28,33,34,35,36,37,39,39,40,41,41,42,42,42,43,43,43,45,46,46,46,47,50,51,54,54,57,57,59,59,59,62,62,62,63,64,64,66,67,69,71,71,71,72,76,76,79,80,85,86,87,87,87,89,90,90,92,93,93,93,94,94,95,96,96,97,97,97,98,101,104,104,104,105,105,106,107,113,113,119,121,122,122,122,123,125,126,127,127,128,128,128,133,133,133,134,135,136,136,136,138,138,138,139,140,141,142,143,147,147,148,149,149,149,151,153,154,154,155,155,157,157,157,158,158,161,161,162,162,165,167,167,167,167,169,170,170,172,174,175,177,177,178,178,178,179,179,181,182,182,183,185,186,190,191,192,192,194,194,195,196,197,197,197,199,199', 'AC', null), ('40', '1', '1', '1,23,71,74,87,97,104,104,159,179', 'AC', null), ('41', '1', '2', '6,39,42,54,71,115,124,124,185,191,199,199', 'AC', null), ('42', '1', '3', '9,10,28,28,39,57,64,66,77,77,94,116,118,141,146,147,151,152,163,168,192,198', 'AC', null), ('43', '1', '4', '6,6,7,12,21,21,33,45,53,57,65,73,76,88,89,101,104,110,125,128,163,170,172,174,176,185,186,186,187,190,194', 'AC', null), ('44', '1', '5', '0,0,4,5,6,6,6,6,7,8,9,10,10,10,11,12,12,13,15,16,17,18,19,20,20,21,21,23,24,25,26,27,28,28,28,33,34,35,36,37,39,39,40,41,41,42,42,42,43,43,43,45,46,46,46,47,50,51,54,54,57,57,59,59,59,62,62,62,63,64,64,66,67,69,71,71,71,72,76,76,79,80,85,86,87,87,87,89,90,90,92,93,93,93,94,94,95,96,96,97,97,97,98,101,104,104,104,105,105,106,107,113,113,119,121,122,122,122,123,125,126,127,127,128,128,128,133,133,133,134,135,136,136,136,138,138,138,139,140,141,142,143,147,147,148,149,149,149,151,153,154,154,155,155,157,157,157,158,158,161,161,162,162,165,167,167,167,167,169,170,170,172,174,175,177,177,178,178,178,179,179,181,182,182,183,185,186,190,191,192,192,194,194,195,196,197,197,197,199,199', 'AC', null), ('45', '1', '1', '1,23,71,74,87,97,104,104,159,179', 'AC', null), ('46', '1', '2', '6,39,42,54,71,115,124,124,185,191,199,199', 'AC', null), ('47', '1', '3', '9,10,28,28,39,57,64,66,77,77,94,116,118,141,146,147,151,152,163,168,192,198', 'AC', null), ('48', '1', '4', '6,6,7,12,21,21,33,45,53,57,65,73,76,88,89,101,104,110,125,128,163,170,172,174,176,185,186,186,187,190,194', 'AC', null), ('49', '1', '5', '0,0,4,5,6,6,6,6,7,8,9,10,10,10,11,12,12,13,15,16,17,18,19,20,20,21,21,23,24,25,26,27,28,28,28,33,34,35,36,37,39,39,40,41,41,42,42,42,43,43,43,45,46,46,46,47,50,51,54,54,57,57,59,59,59,62,62,62,63,64,64,66,67,69,71,71,71,72,76,76,79,80,85,86,87,87,87,89,90,90,92,93,93,93,94,94,95,96,96,97,97,97,98,101,104,104,104,105,105,106,107,113,113,119,121,122,122,122,123,125,126,127,127,128,128,128,133,133,133,134,135,136,136,136,138,138,138,139,140,141,142,143,147,147,148,149,149,149,151,153,154,154,155,155,157,157,157,158,158,161,161,162,162,165,167,167,167,167,169,170,170,172,174,175,177,177,178,178,178,179,179,181,182,182,183,185,186,190,191,192,192,194,194,195,196,197,197,197,199,199', 'AC', null), ('50', '1', '1', '1,23,71,74,87,97,104,104,159,179', 'AC', null), ('51', '1', '2', '6,39,42,54,71,115,124,124,185,191,199,199', 'AC', null), ('52', '1', '3', '9,10,28,28,39,57,64,66,77,77,94,116,118,141,146,147,151,152,163,168,192,198', 'AC', null), ('53', '1', '4', '6,6,7,12,21,21,33,45,53,57,65,73,76,88,89,101,104,110,125,128,163,170,172,174,176,185,186,186,187,190,194', 'AC', null), ('54', '1', '5', '0,0,4,5,6,6,6,6,7,8,9,10,10,10,11,12,12,13,15,16,17,18,19,20,20,21,21,23,24,25,26,27,28,28,28,33,34,35,36,37,39,39,40,41,41,42,42,42,43,43,43,45,46,46,46,47,50,51,54,54,57,57,59,59,59,62,62,62,63,64,64,66,67,69,71,71,71,72,76,76,79,80,85,86,87,87,87,89,90,90,92,93,93,93,94,94,95,96,96,97,97,97,98,101,104,104,104,105,105,106,107,113,113,119,121,122,122,122,123,125,126,127,127,128,128,128,133,133,133,134,135,136,136,136,138,138,138,139,140,141,142,143,147,147,148,149,149,149,151,153,154,154,155,155,157,157,157,158,158,161,161,162,162,165,167,167,167,167,169,170,170,172,174,175,177,177,178,178,178,179,179,181,182,182,183,185,186,190,191,192,192,194,194,195,196,197,197,197,199,199', 'AC', null), ('55', '1', '1', '1,23,71,74,87,97,104,104,159,179', 'AC', null), ('56', '1', '2', '6,39,42,54,71,115,124,124,185,191,199,199', 'AC', null), ('57', '1', '3', '9,10,28,28,39,57,64,66,77,77,94,116,118,141,146,147,151,152,163,168,192,198', 'AC', null), ('58', '1', '4', '6,6,7,12,21,21,33,45,53,57,65,73,76,88,89,101,104,110,125,128,163,170,172,174,176,185,186,186,187,190,194', 'AC', null), ('59', '1', '5', '0,0,4,5,6,6,6,6,7,8,9,10,10,10,11,12,12,13,15,16,17,18,19,20,20,21,21,23,24,25,26,27,28,28,28,33,34,35,36,37,39,39,40,41,41,42,42,42,43,43,43,45,46,46,46,47,50,51,54,54,57,57,59,59,59,62,62,62,63,64,64,66,67,69,71,71,71,72,76,76,79,80,85,86,87,87,87,89,90,90,92,93,93,93,94,94,95,96,96,97,97,97,98,101,104,104,104,105,105,106,107,113,113,119,121,122,122,122,123,125,126,127,127,128,128,128,133,133,133,134,135,136,136,136,138,138,138,139,140,141,142,143,147,147,148,149,149,149,151,153,154,154,155,155,157,157,157,158,158,161,161,162,162,165,167,167,167,167,169,170,170,172,174,175,177,177,178,178,178,179,179,181,182,182,183,185,186,190,191,192,192,194,194,195,196,197,197,197,199,199', 'AC', null), ('60', '1', '1', '1,23,71,74,87,97,104,104,159,179', 'AC', null), ('61', '1', '2', '6,39,42,54,71,115,124,124,185,191,199,199', 'AC', null), ('62', '1', '3', '9,10,28,28,39,57,64,66,77,77,94,116,118,141,146,147,151,152,163,168,192,198', 'AC', null), ('63', '1', '4', '6,6,7,12,21,21,33,45,53,57,65,73,76,88,89,101,104,110,125,128,163,170,172,174,176,185,186,186,187,190,194', 'AC', null), ('64', '1', '5', '0,0,4,5,6,6,6,6,7,8,9,10,10,10,11,12,12,13,15,16,17,18,19,20,20,21,21,23,24,25,26,27,28,28,28,33,34,35,36,37,39,39,40,41,41,42,42,42,43,43,43,45,46,46,46,47,50,51,54,54,57,57,59,59,59,62,62,62,63,64,64,66,67,69,71,71,71,72,76,76,79,80,85,86,87,87,87,89,90,90,92,93,93,93,94,94,95,96,96,97,97,97,98,101,104,104,104,105,105,106,107,113,113,119,121,122,122,122,123,125,126,127,127,128,128,128,133,133,133,134,135,136,136,136,138,138,138,139,140,141,142,143,147,147,148,149,149,149,151,153,154,154,155,155,157,157,157,158,158,161,161,162,162,165,167,167,167,167,169,170,170,172,174,175,177,177,178,178,178,179,179,181,182,182,183,185,186,190,191,192,192,194,194,195,196,197,197,197,199,199', 'AC', null), ('65', '1', '1', '1,23,71,74,87,97,104,104,159,179', 'AC', null), ('66', '1', '2', '6,39,42,54,71,115,124,124,185,191,199,199', 'AC', null), ('67', '1', '3', '9,10,28,28,39,57,64,66,77,77,94,116,118,141,146,147,151,152,163,168,192,198', 'AC', null), ('68', '1', '4', '6,6,7,12,21,21,33,45,53,57,65,73,76,88,89,101,104,110,125,128,163,170,172,174,176,185,186,186,187,190,194', 'AC', null), ('69', '1', '5', '0,0,4,5,6,6,6,6,7,8,9,10,10,10,11,12,12,13,15,16,17,18,19,20,20,21,21,23,24,25,26,27,28,28,28,33,34,35,36,37,39,39,40,41,41,42,42,42,43,43,43,45,46,46,46,47,50,51,54,54,57,57,59,59,59,62,62,62,63,64,64,66,67,69,71,71,71,72,76,76,79,80,85,86,87,87,87,89,90,90,92,93,93,93,94,94,95,96,96,97,97,97,98,101,104,104,104,105,105,106,107,113,113,119,121,122,122,122,123,125,126,127,127,128,128,128,133,133,133,134,135,136,136,136,138,138,138,139,140,141,142,143,147,147,148,149,149,149,151,153,154,154,155,155,157,157,157,158,158,161,161,162,162,165,167,167,167,167,169,170,170,172,174,175,177,177,178,178,178,179,179,181,182,182,183,185,186,190,191,192,192,194,194,195,196,197,197,197,199,199', 'AC', null), ('70', '1', '1', '1,23,71,74,87,97,104,104,159,179', 'AC', null), ('71', '1', '2', '6,39,42,54,71,115,124,124,185,191,199,199', 'AC', null), ('72', '1', '3', '9,10,28,28,39,57,64,66,77,77,94,116,118,141,146,147,151,152,163,168,192,198', 'AC', null), ('73', '1', '4', '6,6,7,12,21,21,33,45,53,57,65,73,76,88,89,101,104,110,125,128,163,170,172,174,176,185,186,186,187,190,194', 'AC', null), ('74', '1', '5', '0,0,4,5,6,6,6,6,7,8,9,10,10,10,11,12,12,13,15,16,17,18,19,20,20,21,21,23,24,25,26,27,28,28,28,33,34,35,36,37,39,39,40,41,41,42,42,42,43,43,43,45,46,46,46,47,50,51,54,54,57,57,59,59,59,62,62,62,63,64,64,66,67,69,71,71,71,72,76,76,79,80,85,86,87,87,87,89,90,90,92,93,93,93,94,94,95,96,96,97,97,97,98,101,104,104,104,105,105,106,107,113,113,119,121,122,122,122,123,125,126,127,127,128,128,128,133,133,133,134,135,136,136,136,138,138,138,139,140,141,142,143,147,147,148,149,149,149,151,153,154,154,155,155,157,157,157,158,158,161,161,162,162,165,167,167,167,167,169,170,170,172,174,175,177,177,178,178,178,179,179,181,182,182,183,185,186,190,191,192,192,194,194,195,196,197,197,197,199,199', 'AC', null), ('75', '1', '1', '1,23,71,74,87,97,104,104,159,179', 'AC', null), ('76', '1', '2', '6,39,42,54,71,115,124,124,185,191,199,199', 'AC', null), ('77', '1', '3', '9,10,28,28,39,57,64,66,77,77,94,116,118,141,146,147,151,152,163,168,192,198', 'AC', null), ('78', '1', '4', '6,6,7,12,21,21,33,45,53,57,65,73,76,88,89,101,104,110,125,128,163,170,172,174,176,185,186,186,187,190,194', 'AC', null), ('79', '1', '5', '0,0,4,5,6,6,6,6,7,8,9,10,10,10,11,12,12,13,15,16,17,18,19,20,20,21,21,23,24,25,26,27,28,28,28,33,34,35,36,37,39,39,40,41,41,42,42,42,43,43,43,45,46,46,46,47,50,51,54,54,57,57,59,59,59,62,62,62,63,64,64,66,67,69,71,71,71,72,76,76,79,80,85,86,87,87,87,89,90,90,92,93,93,93,94,94,95,96,96,97,97,97,98,101,104,104,104,105,105,106,107,113,113,119,121,122,122,122,123,125,126,127,127,128,128,128,133,133,133,134,135,136,136,136,138,138,138,139,140,141,142,143,147,147,148,149,149,149,151,153,154,154,155,155,157,157,157,158,158,161,161,162,162,165,167,167,167,167,169,170,170,172,174,175,177,177,178,178,178,179,179,181,182,182,183,185,186,190,191,192,192,194,194,195,196,197,197,197,199,199', 'AC', null), ('80', '1', '1', '1,23,71,74,87,97,104,104,159,179', 'AC', null), ('81', '1', '2', '6,39,42,54,71,115,124,124,185,191,199,199', 'AC', null), ('82', '1', '3', '9,10,28,28,39,57,64,66,77,77,94,116,118,141,146,147,151,152,163,168,192,198', 'AC', null), ('83', '1', '4', '6,6,7,12,21,21,33,45,53,57,65,73,76,88,89,101,104,110,125,128,163,170,172,174,176,185,186,186,187,190,194', 'AC', null), ('84', '1', '5', '0,0,4,5,6,6,6,6,7,8,9,10,10,10,11,12,12,13,15,16,17,18,19,20,20,21,21,23,24,25,26,27,28,28,28,33,34,35,36,37,39,39,40,41,41,42,42,42,43,43,43,45,46,46,46,47,50,51,54,54,57,57,59,59,59,62,62,62,63,64,64,66,67,69,71,71,71,72,76,76,79,80,85,86,87,87,87,89,90,90,92,93,93,93,94,94,95,96,96,97,97,97,98,101,104,104,104,105,105,106,107,113,113,119,121,122,122,122,123,125,126,127,127,128,128,128,133,133,133,134,135,136,136,136,138,138,138,139,140,141,142,143,147,147,148,149,149,149,151,153,154,154,155,155,157,157,157,158,158,161,161,162,162,165,167,167,167,167,169,170,170,172,174,175,177,177,178,178,178,179,179,181,182,182,183,185,186,190,191,192,192,194,194,195,196,197,197,197,199,199', 'AC', null), ('85', '1', '1', '1,23,71,74,87,97,104,104,159,179', 'AC', null), ('86', '1', '2', '6,39,42,54,71,115,124,124,185,191,199,199', 'AC', null), ('87', '1', '3', '9,10,28,28,39,57,64,66,77,77,94,116,118,141,146,147,151,152,163,168,192,198', 'AC', null), ('88', '1', '4', '6,6,7,12,21,21,33,45,53,57,65,73,76,88,89,101,104,110,125,128,163,170,172,174,176,185,186,186,187,190,194', 'AC', null), ('89', '1', '5', '0,0,4,5,6,6,6,6,7,8,9,10,10,10,11,12,12,13,15,16,17,18,19,20,20,21,21,23,24,25,26,27,28,28,28,33,34,35,36,37,39,39,40,41,41,42,42,42,43,43,43,45,46,46,46,47,50,51,54,54,57,57,59,59,59,62,62,62,63,64,64,66,67,69,71,71,71,72,76,76,79,80,85,86,87,87,87,89,90,90,92,93,93,93,94,94,95,96,96,97,97,97,98,101,104,104,104,105,105,106,107,113,113,119,121,122,122,122,123,125,126,127,127,128,128,128,133,133,133,134,135,136,136,136,138,138,138,139,140,141,142,143,147,147,148,149,149,149,151,153,154,154,155,155,157,157,157,158,158,161,161,162,162,165,167,167,167,167,169,170,170,172,174,175,177,177,178,178,178,179,179,181,182,182,183,185,186,190,191,192,192,194,194,195,196,197,197,197,199,199', 'AC', null), ('90', '1', '1', '1,23,71,74,87,97,104,104,159,179', 'AC', null), ('91', '1', '2', '6,39,42,54,71,115,124,124,185,191,199,199', 'AC', null), ('92', '1', '3', '9,10,28,28,39,57,64,66,77,77,94,116,118,141,146,147,151,152,163,168,192,198', 'AC', null), ('93', '1', '4', '6,6,7,12,21,21,33,45,53,57,65,73,76,88,89,101,104,110,125,128,163,170,172,174,176,185,186,186,187,190,194', 'AC', null), ('94', '1', '5', '0,0,4,5,6,6,6,6,7,8,9,10,10,10,11,12,12,13,15,16,17,18,19,20,20,21,21,23,24,25,26,27,28,28,28,33,34,35,36,37,39,39,40,41,41,42,42,42,43,43,43,45,46,46,46,47,50,51,54,54,57,57,59,59,59,62,62,62,63,64,64,66,67,69,71,71,71,72,76,76,79,80,85,86,87,87,87,89,90,90,92,93,93,93,94,94,95,96,96,97,97,97,98,101,104,104,104,105,105,106,107,113,113,119,121,122,122,122,123,125,126,127,127,128,128,128,133,133,133,134,135,136,136,136,138,138,138,139,140,141,142,143,147,147,148,149,149,149,151,153,154,154,155,155,157,157,157,158,158,161,161,162,162,165,167,167,167,167,169,170,170,172,174,175,177,177,178,178,178,179,179,181,182,182,183,185,186,190,191,192,192,194,194,195,196,197,197,197,199,199', 'AC', null), ('95', '1', '1', '1,23,71,74,87,97,104,104,159,179', 'AC', null), ('96', '1', '2', '6,39,42,54,71,115,124,124,185,191,199,199', 'AC', null), ('97', '1', '3', '9,10,28,28,39,57,64,66,77,77,94,116,118,141,146,147,151,152,163,168,192,198', 'AC', null), ('98', '1', '4', '6,6,7,12,21,21,33,45,53,57,65,73,76,88,89,101,104,110,125,128,163,170,172,174,176,185,186,186,187,190,194', 'AC', null), ('99', '1', '5', '0,0,4,5,6,6,6,6,7,8,9,10,10,10,11,12,12,13,15,16,17,18,19,20,20,21,21,23,24,25,26,27,28,28,28,33,34,35,36,37,39,39,40,41,41,42,42,42,43,43,43,45,46,46,46,47,50,51,54,54,57,57,59,59,59,62,62,62,63,64,64,66,67,69,71,71,71,72,76,76,79,80,85,86,87,87,87,89,90,90,92,93,93,93,94,94,95,96,96,97,97,97,98,101,104,104,104,105,105,106,107,113,113,119,121,122,122,122,123,125,126,127,127,128,128,128,133,133,133,134,135,136,136,136,138,138,138,139,140,141,142,143,147,147,148,149,149,149,151,153,154,154,155,155,157,157,157,158,158,161,161,162,162,165,167,167,167,167,169,170,170,172,174,175,177,177,178,178,178,179,179,181,182,182,183,185,186,190,191,192,192,194,194,195,196,197,197,197,199,199', 'AC', null), ('100', '1', '1', '1,23,71,74,87,97,104,104,159,179', 'AC', null), ('101', '1', '2', '6,39,42,54,71,115,124,124,185,191,199,199', 'AC', null), ('102', '1', '3', '9,10,28,28,39,57,64,66,77,77,94,116,118,141,146,147,151,152,163,168,192,198', 'AC', null), ('103', '1', '4', '6,6,7,12,21,21,33,45,53,57,65,73,76,88,89,101,104,110,125,128,163,170,172,174,176,185,186,186,187,190,194', 'AC', null), ('104', '1', '5', '0,0,4,5,6,6,6,6,7,8,9,10,10,10,11,12,12,13,15,16,17,18,19,20,20,21,21,23,24,25,26,27,28,28,28,33,34,35,36,37,39,39,40,41,41,42,42,42,43,43,43,45,46,46,46,47,50,51,54,54,57,57,59,59,59,62,62,62,63,64,64,66,67,69,71,71,71,72,76,76,79,80,85,86,87,87,87,89,90,90,92,93,93,93,94,94,95,96,96,97,97,97,98,101,104,104,104,105,105,106,107,113,113,119,121,122,122,122,123,125,126,127,127,128,128,128,133,133,133,134,135,136,136,136,138,138,138,139,140,141,142,143,147,147,148,149,149,149,151,153,154,154,155,155,157,157,157,158,158,161,161,162,162,165,167,167,167,167,169,170,170,172,174,175,177,177,178,178,178,179,179,181,182,182,183,185,186,190,191,192,192,194,194,195,196,197,197,197,199,199', 'AC', null), ('105', '1', '1', '1,23,71,74,87,97,104,104,159,179', 'AC', null), ('106', '1', '2', '6,39,42,54,71,115,124,124,185,191,199,199', 'AC', null), ('107', '1', '3', '9,10,28,28,39,57,64,66,77,77,94,116,118,141,146,147,151,152,163,168,192,198', 'AC', null), ('108', '1', '4', '6,6,7,12,21,21,33,45,53,57,65,73,76,88,89,101,104,110,125,128,163,170,172,174,176,185,186,186,187,190,194', 'AC', null), ('109', '1', '5', '0,0,4,5,6,6,6,6,7,8,9,10,10,10,11,12,12,13,15,16,17,18,19,20,20,21,21,23,24,25,26,27,28,28,28,33,34,35,36,37,39,39,40,41,41,42,42,42,43,43,43,45,46,46,46,47,50,51,54,54,57,57,59,59,59,62,62,62,63,64,64,66,67,69,71,71,71,72,76,76,79,80,85,86,87,87,87,89,90,90,92,93,93,93,94,94,95,96,96,97,97,97,98,101,104,104,104,105,105,106,107,113,113,119,121,122,122,122,123,125,126,127,127,128,128,128,133,133,133,134,135,136,136,136,138,138,138,139,140,141,142,143,147,147,148,149,149,149,151,153,154,154,155,155,157,157,157,158,158,161,161,162,162,165,167,167,167,167,169,170,170,172,174,175,177,177,178,178,178,179,179,181,182,182,183,185,186,190,191,192,192,194,194,195,196,197,197,197,199,199', 'AC', null), ('110', '1', '1', '1,23,71,74,87,97,104,104,159,179', 'AC', null), ('111', '1', '2', '6,39,42,54,71,115,124,124,185,191,199,199', 'AC', null), ('112', '1', '3', '9,10,28,28,39,57,64,66,77,77,94,116,118,141,146,147,151,152,163,168,192,198', 'AC', null), ('113', '1', '4', '6,6,7,12,21,21,33,45,53,57,65,73,76,88,89,101,104,110,125,128,163,170,172,174,176,185,186,186,187,190,194', 'AC', null), ('114', '1', '5', '0,0,4,5,6,6,6,6,7,8,9,10,10,10,11,12,12,13,15,16,17,18,19,20,20,21,21,23,24,25,26,27,28,28,28,33,34,35,36,37,39,39,40,41,41,42,42,42,43,43,43,45,46,46,46,47,50,51,54,54,57,57,59,59,59,62,62,62,63,64,64,66,67,69,71,71,71,72,76,76,79,80,85,86,87,87,87,89,90,90,92,93,93,93,94,94,95,96,96,97,97,97,98,101,104,104,104,105,105,106,107,113,113,119,121,122,122,122,123,125,126,127,127,128,128,128,133,133,133,134,135,136,136,136,138,138,138,139,140,141,142,143,147,147,148,149,149,149,151,153,154,154,155,155,157,157,157,158,158,161,161,162,162,165,167,167,167,167,169,170,170,172,174,175,177,177,178,178,178,179,179,181,182,182,183,185,186,190,191,192,192,194,194,195,196,197,197,197,199,199', 'AC', null), ('115', '1', '1', '1,23,71,74,87,97,104,104,159,179', 'AC', null), ('116', '1', '2', '6,39,42,54,71,115,124,124,185,191,199,199', 'AC', null), ('117', '1', '3', '9,10,28,28,39,57,64,66,77,77,94,116,118,141,146,147,151,152,163,168,192,198', 'AC', null), ('118', '1', '4', '6,6,7,12,21,21,33,45,53,57,65,73,76,88,89,101,104,110,125,128,163,170,172,174,176,185,186,186,187,190,194', 'AC', null), ('119', '1', '5', '0,0,4,5,6,6,6,6,7,8,9,10,10,10,11,12,12,13,15,16,17,18,19,20,20,21,21,23,24,25,26,27,28,28,28,33,34,35,36,37,39,39,40,41,41,42,42,42,43,43,43,45,46,46,46,47,50,51,54,54,57,57,59,59,59,62,62,62,63,64,64,66,67,69,71,71,71,72,76,76,79,80,85,86,87,87,87,89,90,90,92,93,93,93,94,94,95,96,96,97,97,97,98,101,104,104,104,105,105,106,107,113,113,119,121,122,122,122,123,125,126,127,127,128,128,128,133,133,133,134,135,136,136,136,138,138,138,139,140,141,142,143,147,147,148,149,149,149,151,153,154,154,155,155,157,157,157,158,158,161,161,162,162,165,167,167,167,167,169,170,170,172,174,175,177,177,178,178,178,179,179,181,182,182,183,185,186,190,191,192,192,194,194,195,196,197,197,197,199,199', 'AC', null), ('120', '1', '1', '1,23,71,74,87,97,104,104,159,179', 'AC', null), ('121', '1', '2', '6,39,42,54,71,115,124,124,185,191,199,199', 'AC', null), ('122', '1', '3', '9,10,28,28,39,57,64,66,77,77,94,116,118,141,146,147,151,152,163,168,192,198', 'AC', null), ('123', '1', '4', '6,6,7,12,21,21,33,45,53,57,65,73,76,88,89,101,104,110,125,128,163,170,172,174,176,185,186,186,187,190,194', 'AC', null), ('124', '1', '5', '0,0,4,5,6,6,6,6,7,8,9,10,10,10,11,12,12,13,15,16,17,18,19,20,20,21,21,23,24,25,26,27,28,28,28,33,34,35,36,37,39,39,40,41,41,42,42,42,43,43,43,45,46,46,46,47,50,51,54,54,57,57,59,59,59,62,62,62,63,64,64,66,67,69,71,71,71,72,76,76,79,80,85,86,87,87,87,89,90,90,92,93,93,93,94,94,95,96,96,97,97,97,98,101,104,104,104,105,105,106,107,113,113,119,121,122,122,122,123,125,126,127,127,128,128,128,133,133,133,134,135,136,136,136,138,138,138,139,140,141,142,143,147,147,148,149,149,149,151,153,154,154,155,155,157,157,157,158,158,161,161,162,162,165,167,167,167,167,169,170,170,172,174,175,177,177,178,178,178,179,179,181,182,182,183,185,186,190,191,192,192,194,194,195,196,197,197,197,199,199', 'AC', null), ('125', '1', '1', '1,23,71,74,87,97,104,104,159,179', 'AC', null), ('126', '1', '2', '6,39,42,54,71,115,124,124,185,191,199,199', 'AC', null), ('127', '1', '3', '9,10,28,28,39,57,64,66,77,77,94,116,118,141,146,147,151,152,163,168,192,198', 'AC', null), ('128', '1', '4', '6,6,7,12,21,21,33,45,53,57,65,73,76,88,89,101,104,110,125,128,163,170,172,174,176,185,186,186,187,190,194', 'AC', null), ('129', '1', '5', '0,0,4,5,6,6,6,6,7,8,9,10,10,10,11,12,12,13,15,16,17,18,19,20,20,21,21,23,24,25,26,27,28,28,28,33,34,35,36,37,39,39,40,41,41,42,42,42,43,43,43,45,46,46,46,47,50,51,54,54,57,57,59,59,59,62,62,62,63,64,64,66,67,69,71,71,71,72,76,76,79,80,85,86,87,87,87,89,90,90,92,93,93,93,94,94,95,96,96,97,97,97,98,101,104,104,104,105,105,106,107,113,113,119,121,122,122,122,123,125,126,127,127,128,128,128,133,133,133,134,135,136,136,136,138,138,138,139,140,141,142,143,147,147,148,149,149,149,151,153,154,154,155,155,157,157,157,158,158,161,161,162,162,165,167,167,167,167,169,170,170,172,174,175,177,177,178,178,178,179,179,181,182,182,183,185,186,190,191,192,192,194,194,195,196,197,197,197,199,199', 'AC', null), ('130', '1', '1', '1,23,71,74,87,97,104,104,159,179', 'AC', null), ('131', '1', '2', '6,39,42,54,71,115,124,124,185,191,199,199', 'AC', null), ('132', '1', '3', '9,10,28,28,39,57,64,66,77,77,94,116,118,141,146,147,151,152,163,168,192,198', 'AC', null), ('133', '1', '4', '6,6,7,12,21,21,33,45,53,57,65,73,76,88,89,101,104,110,125,128,163,170,172,174,176,185,186,186,187,190,194', 'AC', null), ('134', '1', '5', '0,0,4,5,6,6,6,6,7,8,9,10,10,10,11,12,12,13,15,16,17,18,19,20,20,21,21,23,24,25,26,27,28,28,28,33,34,35,36,37,39,39,40,41,41,42,42,42,43,43,43,45,46,46,46,47,50,51,54,54,57,57,59,59,59,62,62,62,63,64,64,66,67,69,71,71,71,72,76,76,79,80,85,86,87,87,87,89,90,90,92,93,93,93,94,94,95,96,96,97,97,97,98,101,104,104,104,105,105,106,107,113,113,119,121,122,122,122,123,125,126,127,127,128,128,128,133,133,133,134,135,136,136,136,138,138,138,139,140,141,142,143,147,147,148,149,149,149,151,153,154,154,155,155,157,157,157,158,158,161,161,162,162,165,167,167,167,167,169,170,170,172,174,175,177,177,178,178,178,179,179,181,182,182,183,185,186,190,191,192,192,194,194,195,196,197,197,197,199,199', 'AC', null), ('135', '1', '1', '1,23,71,74,87,97,104,104,159,179', 'AC', null), ('136', '1', '2', '6,39,42,54,71,115,124,124,185,191,199,199', 'AC', null), ('137', '1', '3', '9,10,28,28,39,57,64,66,77,77,94,116,118,141,146,147,151,152,163,168,192,198', 'AC', null), ('138', '1', '4', '6,6,7,12,21,21,33,45,53,57,65,73,76,88,89,101,104,110,125,128,163,170,172,174,176,185,186,186,187,190,194', 'AC', null), ('139', '1', '5', '0,0,4,5,6,6,6,6,7,8,9,10,10,10,11,12,12,13,15,16,17,18,19,20,20,21,21,23,24,25,26,27,28,28,28,33,34,35,36,37,39,39,40,41,41,42,42,42,43,43,43,45,46,46,46,47,50,51,54,54,57,57,59,59,59,62,62,62,63,64,64,66,67,69,71,71,71,72,76,76,79,80,85,86,87,87,87,89,90,90,92,93,93,93,94,94,95,96,96,97,97,97,98,101,104,104,104,105,105,106,107,113,113,119,121,122,122,122,123,125,126,127,127,128,128,128,133,133,133,134,135,136,136,136,138,138,138,139,140,141,142,143,147,147,148,149,149,149,151,153,154,154,155,155,157,157,157,158,158,161,161,162,162,165,167,167,167,167,169,170,170,172,174,175,177,177,178,178,178,179,179,181,182,182,183,185,186,190,191,192,192,194,194,195,196,197,197,197,199,199', 'AC', null), ('140', '1', '1', '1,23,71,74,87,97,104,104,159,179', 'AC', null), ('141', '1', '2', '6,39,42,54,71,115,124,124,185,191,199,199', 'AC', null), ('142', '1', '3', '9,10,28,28,39,57,64,66,77,77,94,116,118,141,146,147,151,152,163,168,192,198', 'AC', null), ('143', '1', '4', '6,6,7,12,21,21,33,45,53,57,65,73,76,88,89,101,104,110,125,128,163,170,172,174,176,185,186,186,187,190,194', 'AC', null), ('144', '1', '5', '0,0,4,5,6,6,6,6,7,8,9,10,10,10,11,12,12,13,15,16,17,18,19,20,20,21,21,23,24,25,26,27,28,28,28,33,34,35,36,37,39,39,40,41,41,42,42,42,43,43,43,45,46,46,46,47,50,51,54,54,57,57,59,59,59,62,62,62,63,64,64,66,67,69,71,71,71,72,76,76,79,80,85,86,87,87,87,89,90,90,92,93,93,93,94,94,95,96,96,97,97,97,98,101,104,104,104,105,105,106,107,113,113,119,121,122,122,122,123,125,126,127,127,128,128,128,133,133,133,134,135,136,136,136,138,138,138,139,140,141,142,143,147,147,148,149,149,149,151,153,154,154,155,155,157,157,157,158,158,161,161,162,162,165,167,167,167,167,169,170,170,172,174,175,177,177,178,178,178,179,179,181,182,182,183,185,186,190,191,192,192,194,194,195,196,197,197,197,199,199', 'AC', null), ('145', '1', '1', '1,23,71,74,87,97,104,104,159,179', 'AC', null), ('146', '1', '2', '6,39,42,54,71,115,124,124,185,191,199,199', 'AC', null), ('147', '1', '3', '9,10,28,28,39,57,64,66,77,77,94,116,118,141,146,147,151,152,163,168,192,198', 'AC', null), ('148', '1', '4', '6,6,7,12,21,21,33,45,53,57,65,73,76,88,89,101,104,110,125,128,163,170,172,174,176,185,186,186,187,190,194', 'AC', null), ('149', '1', '5', '0,0,4,5,6,6,6,6,7,8,9,10,10,10,11,12,12,13,15,16,17,18,19,20,20,21,21,23,24,25,26,27,28,28,28,33,34,35,36,37,39,39,40,41,41,42,42,42,43,43,43,45,46,46,46,47,50,51,54,54,57,57,59,59,59,62,62,62,63,64,64,66,67,69,71,71,71,72,76,76,79,80,85,86,87,87,87,89,90,90,92,93,93,93,94,94,95,96,96,97,97,97,98,101,104,104,104,105,105,106,107,113,113,119,121,122,122,122,123,125,126,127,127,128,128,128,133,133,133,134,135,136,136,136,138,138,138,139,140,141,142,143,147,147,148,149,149,149,151,153,154,154,155,155,157,157,157,158,158,161,161,162,162,165,167,167,167,167,169,170,170,172,174,175,177,177,178,178,178,179,179,181,182,182,183,185,186,190,191,192,192,194,194,195,196,197,197,197,199,199', 'AC', null), ('150', '1', '1', '1,23,71,74,87,97,104,104,159,179', 'AC', null), ('151', '1', '2', '6,39,42,54,71,115,124,124,185,191,199,199', 'AC', null), ('152', '1', '3', '9,10,28,28,39,57,64,66,77,77,94,116,118,141,146,147,151,152,163,168,192,198', 'AC', null), ('153', '1', '4', '6,6,7,12,21,21,33,45,53,57,65,73,76,88,89,101,104,110,125,128,163,170,172,174,176,185,186,186,187,190,194', 'AC', null), ('154', '1', '5', '0,0,4,5,6,6,6,6,7,8,9,10,10,10,11,12,12,13,15,16,17,18,19,20,20,21,21,23,24,25,26,27,28,28,28,33,34,35,36,37,39,39,40,41,41,42,42,42,43,43,43,45,46,46,46,47,50,51,54,54,57,57,59,59,59,62,62,62,63,64,64,66,67,69,71,71,71,72,76,76,79,80,85,86,87,87,87,89,90,90,92,93,93,93,94,94,95,96,96,97,97,97,98,101,104,104,104,105,105,106,107,113,113,119,121,122,122,122,123,125,126,127,127,128,128,128,133,133,133,134,135,136,136,136,138,138,138,139,140,141,142,143,147,147,148,149,149,149,151,153,154,154,155,155,157,157,157,158,158,161,161,162,162,165,167,167,167,167,169,170,170,172,174,175,177,177,178,178,178,179,179,181,182,182,183,185,186,190,191,192,192,194,194,195,196,197,197,197,199,199', 'AC', null), ('155', '1', '1', '1,23,71,74,87,97,104,104,159,179', 'AC', null), ('156', '1', '2', '6,39,42,54,71,115,124,124,185,191,199,199', 'AC', null), ('157', '1', '3', '9,10,28,28,39,57,64,66,77,77,94,116,118,141,146,147,151,152,163,168,192,198', 'AC', null), ('158', '1', '4', '6,6,7,12,21,21,33,45,53,57,65,73,76,88,89,101,104,110,125,128,163,170,172,174,176,185,186,186,187,190,194', 'AC', null), ('159', '1', '5', '0,0,4,5,6,6,6,6,7,8,9,10,10,10,11,12,12,13,15,16,17,18,19,20,20,21,21,23,24,25,26,27,28,28,28,33,34,35,36,37,39,39,40,41,41,42,42,42,43,43,43,45,46,46,46,47,50,51,54,54,57,57,59,59,59,62,62,62,63,64,64,66,67,69,71,71,71,72,76,76,79,80,85,86,87,87,87,89,90,90,92,93,93,93,94,94,95,96,96,97,97,97,98,101,104,104,104,105,105,106,107,113,113,119,121,122,122,122,123,125,126,127,127,128,128,128,133,133,133,134,135,136,136,136,138,138,138,139,140,141,142,143,147,147,148,149,149,149,151,153,154,154,155,155,157,157,157,158,158,161,161,162,162,165,167,167,167,167,169,170,170,172,174,175,177,177,178,178,178,179,179,181,182,182,183,185,186,190,191,192,192,194,194,195,196,197,197,197,199,199', 'AC', null), ('160', '1', '1', '1,23,71,74,87,97,104,104,159,179', 'AC', null), ('161', '1', '2', '6,39,42,54,71,115,124,124,185,191,199,199', 'AC', null), ('162', '1', '3', '9,10,28,28,39,57,64,66,77,77,94,116,118,141,146,147,151,152,163,168,192,198', 'AC', null), ('163', '1', '4', '6,6,7,12,21,21,33,45,53,57,65,73,76,88,89,101,104,110,125,128,163,170,172,174,176,185,186,186,187,190,194', 'AC', null), ('164', '1', '5', '0,0,4,5,6,6,6,6,7,8,9,10,10,10,11,12,12,13,15,16,17,18,19,20,20,21,21,23,24,25,26,27,28,28,28,33,34,35,36,37,39,39,40,41,41,42,42,42,43,43,43,45,46,46,46,47,50,51,54,54,57,57,59,59,59,62,62,62,63,64,64,66,67,69,71,71,71,72,76,76,79,80,85,86,87,87,87,89,90,90,92,93,93,93,94,94,95,96,96,97,97,97,98,101,104,104,104,105,105,106,107,113,113,119,121,122,122,122,123,125,126,127,127,128,128,128,133,133,133,134,135,136,136,136,138,138,138,139,140,141,142,143,147,147,148,149,149,149,151,153,154,154,155,155,157,157,157,158,158,161,161,162,162,165,167,167,167,167,169,170,170,172,174,175,177,177,178,178,178,179,179,181,182,182,183,185,186,190,191,192,192,194,194,195,196,197,197,197,199,199', 'AC', null), ('165', '1', '1', '1,23,71,74,87,97,104,104,159,179', 'AC', null), ('166', '1', '2', '6,39,42,54,71,115,124,124,185,191,199,199', 'AC', null), ('167', '1', '3', '9,10,28,28,39,57,64,66,77,77,94,116,118,141,146,147,151,152,163,168,192,198', 'AC', null), ('168', '1', '4', '6,6,7,12,21,21,33,45,53,57,65,73,76,88,89,101,104,110,125,128,163,170,172,174,176,185,186,186,187,190,194', 'AC', null), ('169', '1', '5', '0,0,4,5,6,6,6,6,7,8,9,10,10,10,11,12,12,13,15,16,17,18,19,20,20,21,21,23,24,25,26,27,28,28,28,33,34,35,36,37,39,39,40,41,41,42,42,42,43,43,43,45,46,46,46,47,50,51,54,54,57,57,59,59,59,62,62,62,63,64,64,66,67,69,71,71,71,72,76,76,79,80,85,86,87,87,87,89,90,90,92,93,93,93,94,94,95,96,96,97,97,97,98,101,104,104,104,105,105,106,107,113,113,119,121,122,122,122,123,125,126,127,127,128,128,128,133,133,133,134,135,136,136,136,138,138,138,139,140,141,142,143,147,147,148,149,149,149,151,153,154,154,155,155,157,157,157,158,158,161,161,162,162,165,167,167,167,167,169,170,170,172,174,175,177,177,178,178,178,179,179,181,182,182,183,185,186,190,191,192,192,194,194,195,196,197,197,197,199,199', 'AC', null), ('170', '1', '1', '1,23,71,74,87,97,104,104,159,179', 'AC', null), ('171', '1', '2', '6,39,42,54,71,115,124,124,185,191,199,199', 'AC', null), ('172', '1', '3', '9,10,28,28,39,57,64,66,77,77,94,116,118,141,146,147,151,152,163,168,192,198', 'AC', null), ('173', '1', '4', '6,6,7,12,21,21,33,45,53,57,65,73,76,88,89,101,104,110,125,128,163,170,172,174,176,185,186,186,187,190,194', 'AC', null), ('174', '1', '5', '0,0,4,5,6,6,6,6,7,8,9,10,10,10,11,12,12,13,15,16,17,18,19,20,20,21,21,23,24,25,26,27,28,28,28,33,34,35,36,37,39,39,40,41,41,42,42,42,43,43,43,45,46,46,46,47,50,51,54,54,57,57,59,59,59,62,62,62,63,64,64,66,67,69,71,71,71,72,76,76,79,80,85,86,87,87,87,89,90,90,92,93,93,93,94,94,95,96,96,97,97,97,98,101,104,104,104,105,105,106,107,113,113,119,121,122,122,122,123,125,126,127,127,128,128,128,133,133,133,134,135,136,136,136,138,138,138,139,140,141,142,143,147,147,148,149,149,149,151,153,154,154,155,155,157,157,157,158,158,161,161,162,162,165,167,167,167,167,169,170,170,172,174,175,177,177,178,178,178,179,179,181,182,182,183,185,186,190,191,192,192,194,194,195,196,197,197,197,199,199', 'AC', null), ('175', '1', '1', '1,23,71,74,87,97,104,104,159,179', 'AC', null), ('176', '1', '2', '6,39,42,54,71,115,124,124,185,191,199,199', 'AC', null), ('177', '1', '3', '9,10,28,28,39,57,64,66,77,77,94,116,118,141,146,147,151,152,163,168,192,198', 'AC', null), ('178', '1', '4', '6,6,7,12,21,21,33,45,53,57,65,73,76,88,89,101,104,110,125,128,163,170,172,174,176,185,186,186,187,190,194', 'AC', null), ('179', '1', '5', '0,0,4,5,6,6,6,6,7,8,9,10,10,10,11,12,12,13,15,16,17,18,19,20,20,21,21,23,24,25,26,27,28,28,28,33,34,35,36,37,39,39,40,41,41,42,42,42,43,43,43,45,46,46,46,47,50,51,54,54,57,57,59,59,59,62,62,62,63,64,64,66,67,69,71,71,71,72,76,76,79,80,85,86,87,87,87,89,90,90,92,93,93,93,94,94,95,96,96,97,97,97,98,101,104,104,104,105,105,106,107,113,113,119,121,122,122,122,123,125,126,127,127,128,128,128,133,133,133,134,135,136,136,136,138,138,138,139,140,141,142,143,147,147,148,149,149,149,151,153,154,154,155,155,157,157,157,158,158,161,161,162,162,165,167,167,167,167,169,170,170,172,174,175,177,177,178,178,178,179,179,181,182,182,183,185,186,190,191,192,192,194,194,195,196,197,197,197,199,199', 'AC', null), ('180', '1', '1', '1,23,71,74,87,97,104,104,159,179', 'AC', null), ('181', '1', '2', '6,39,42,54,71,115,124,124,185,191,199,199', 'AC', null), ('182', '1', '3', '9,10,28,28,39,57,64,66,77,77,94,116,118,141,146,147,151,152,163,168,192,198', 'AC', null), ('183', '1', '4', '6,6,7,12,21,21,33,45,53,57,65,73,76,88,89,101,104,110,125,128,163,170,172,174,176,185,186,186,187,190,194', 'AC', null), ('184', '1', '5', '0,0,4,5,6,6,6,6,7,8,9,10,10,10,11,12,12,13,15,16,17,18,19,20,20,21,21,23,24,25,26,27,28,28,28,33,34,35,36,37,39,39,40,41,41,42,42,42,43,43,43,45,46,46,46,47,50,51,54,54,57,57,59,59,59,62,62,62,63,64,64,66,67,69,71,71,71,72,76,76,79,80,85,86,87,87,87,89,90,90,92,93,93,93,94,94,95,96,96,97,97,97,98,101,104,104,104,105,105,106,107,113,113,119,121,122,122,122,123,125,126,127,127,128,128,128,133,133,133,134,135,136,136,136,138,138,138,139,140,141,142,143,147,147,148,149,149,149,151,153,154,154,155,155,157,157,157,158,158,161,161,162,162,165,167,167,167,167,169,170,170,172,174,175,177,177,178,178,178,179,179,181,182,182,183,185,186,190,191,192,192,194,194,195,196,197,197,197,199,199', 'AC', null), ('185', '1', '1', '1,23,71,74,87,97,104,104,159,179', 'AC', null), ('186', '1', '2', '6,39,42,54,71,115,124,124,185,191,199,199', 'AC', null), ('187', '1', '3', '9,10,28,28,39,57,64,66,77,77,94,116,118,141,146,147,151,152,163,168,192,198', 'AC', null), ('188', '1', '4', '6,6,7,12,21,21,33,45,53,57,65,73,76,88,89,101,104,110,125,128,163,170,172,174,176,185,186,186,187,190,194', 'AC', null), ('189', '1', '5', '0,0,4,5,6,6,6,6,7,8,9,10,10,10,11,12,12,13,15,16,17,18,19,20,20,21,21,23,24,25,26,27,28,28,28,33,34,35,36,37,39,39,40,41,41,42,42,42,43,43,43,45,46,46,46,47,50,51,54,54,57,57,59,59,59,62,62,62,63,64,64,66,67,69,71,71,71,72,76,76,79,80,85,86,87,87,87,89,90,90,92,93,93,93,94,94,95,96,96,97,97,97,98,101,104,104,104,105,105,106,107,113,113,119,121,122,122,122,123,125,126,127,127,128,128,128,133,133,133,134,135,136,136,136,138,138,138,139,140,141,142,143,147,147,148,149,149,149,151,153,154,154,155,155,157,157,157,158,158,161,161,162,162,165,167,167,167,167,169,170,170,172,174,175,177,177,178,178,178,179,179,181,182,182,183,185,186,190,191,192,192,194,194,195,196,197,197,197,199,199', 'AC', null), ('190', '1', '1', '1,23,71,74,87,97,104,104,159,179', 'AC', null), ('191', '1', '2', '6,39,42,54,71,115,124,124,185,191,199,199', 'AC', null), ('192', '1', '3', '9,10,28,28,39,57,64,66,77,77,94,116,118,141,146,147,151,152,163,168,192,198', 'AC', null), ('193', '1', '4', '6,6,7,12,21,21,33,45,53,57,65,73,76,88,89,101,104,110,125,128,163,170,172,174,176,185,186,186,187,190,194', 'AC', null), ('194', '1', '5', '0,0,4,5,6,6,6,6,7,8,9,10,10,10,11,12,12,13,15,16,17,18,19,20,20,21,21,23,24,25,26,27,28,28,28,33,34,35,36,37,39,39,40,41,41,42,42,42,43,43,43,45,46,46,46,47,50,51,54,54,57,57,59,59,59,62,62,62,63,64,64,66,67,69,71,71,71,72,76,76,79,80,85,86,87,87,87,89,90,90,92,93,93,93,94,94,95,96,96,97,97,97,98,101,104,104,104,105,105,106,107,113,113,119,121,122,122,122,123,125,126,127,127,128,128,128,133,133,133,134,135,136,136,136,138,138,138,139,140,141,142,143,147,147,148,149,149,149,151,153,154,154,155,155,157,157,157,158,158,161,161,162,162,165,167,167,167,167,169,170,170,172,174,175,177,177,178,178,178,179,179,181,182,182,183,185,186,190,191,192,192,194,194,195,196,197,197,197,199,199', 'AC', null), ('195', '1', '1', '1,23,71,74,87,97,104,104,159,179', 'AC', null), ('196', '1', '2', '6,39,42,54,71,115,124,124,185,191,199,199', 'AC', null), ('197', '1', '3', '9,10,28,28,39,57,64,66,77,77,94,116,118,141,146,147,151,152,163,168,192,198', 'AC', null), ('198', '1', '4', '6,6,7,12,21,21,33,45,53,57,65,73,76,88,89,101,104,110,125,128,163,170,172,174,176,185,186,186,187,190,194', 'AC', null), ('199', '1', '5', '0,0,4,5,6,6,6,6,7,8,9,10,10,10,11,12,12,13,15,16,17,18,19,20,20,21,21,23,24,25,26,27,28,28,28,33,34,35,36,37,39,39,40,41,41,42,42,42,43,43,43,45,46,46,46,47,50,51,54,54,57,57,59,59,59,62,62,62,63,64,64,66,67,69,71,71,71,72,76,76,79,80,85,86,87,87,87,89,90,90,92,93,93,93,94,94,95,96,96,97,97,97,98,101,104,104,104,105,105,106,107,113,113,119,121,122,122,122,123,125,126,127,127,128,128,128,133,133,133,134,135,136,136,136,138,138,138,139,140,141,142,143,147,147,148,149,149,149,151,153,154,154,155,155,157,157,157,158,158,161,161,162,162,165,167,167,167,167,169,170,170,172,174,175,177,177,178,178,178,179,179,181,182,182,183,185,186,190,191,192,192,194,194,195,196,197,197,197,199,199', 'AC', null), ('200', '1', '1', '1,23,71,74,87,97,104,104,159,179', 'AC', null), ('201', '1', '2', '6,39,42,54,71,115,124,124,185,191,199,199', 'AC', null), ('202', '1', '3', '9,10,28,28,39,57,64,66,77,77,94,116,118,141,146,147,151,152,163,168,192,198', 'AC', null), ('203', '1', '4', '6,6,7,12,21,21,33,45,53,57,65,73,76,88,89,101,104,110,125,128,163,170,172,174,176,185,186,186,187,190,194', 'AC', null), ('204', '1', '5', '0,0,4,5,6,6,6,6,7,8,9,10,10,10,11,12,12,13,15,16,17,18,19,20,20,21,21,23,24,25,26,27,28,28,28,33,34,35,36,37,39,39,40,41,41,42,42,42,43,43,43,45,46,46,46,47,50,51,54,54,57,57,59,59,59,62,62,62,63,64,64,66,67,69,71,71,71,72,76,76,79,80,85,86,87,87,87,89,90,90,92,93,93,93,94,94,95,96,96,97,97,97,98,101,104,104,104,105,105,106,107,113,113,119,121,122,122,122,123,125,126,127,127,128,128,128,133,133,133,134,135,136,136,136,138,138,138,139,140,141,142,143,147,147,148,149,149,149,151,153,154,154,155,155,157,157,157,158,158,161,161,162,162,165,167,167,167,167,169,170,170,172,174,175,177,177,178,178,178,179,179,181,182,182,183,185,186,190,191,192,192,194,194,195,196,197,197,197,199,199', 'AC', null), ('205', '1', '1', '1,23,71,74,87,97,104,104,159,179', 'AC', null), ('206', '1', '2', '6,39,42,54,71,115,124,124,185,191,199,199', 'AC', null), ('207', '1', '3', '9,10,28,28,39,57,64,66,77,77,94,116,118,141,146,147,151,152,163,168,192,198', 'AC', null), ('208', '1', '4', '6,6,7,12,21,21,33,45,53,57,65,73,76,88,89,101,104,110,125,128,163,170,172,174,176,185,186,186,187,190,194', 'AC', null), ('209', '1', '5', '0,0,4,5,6,6,6,6,7,8,9,10,10,10,11,12,12,13,15,16,17,18,19,20,20,21,21,23,24,25,26,27,28,28,28,33,34,35,36,37,39,39,40,41,41,42,42,42,43,43,43,45,46,46,46,47,50,51,54,54,57,57,59,59,59,62,62,62,63,64,64,66,67,69,71,71,71,72,76,76,79,80,85,86,87,87,87,89,90,90,92,93,93,93,94,94,95,96,96,97,97,97,98,101,104,104,104,105,105,106,107,113,113,119,121,122,122,122,123,125,126,127,127,128,128,128,133,133,133,134,135,136,136,136,138,138,138,139,140,141,142,143,147,147,148,149,149,149,151,153,154,154,155,155,157,157,157,158,158,161,161,162,162,165,167,167,167,167,169,170,170,172,174,175,177,177,178,178,178,179,179,181,182,182,183,185,186,190,191,192,192,194,194,195,196,197,197,197,199,199', 'AC', null), ('210', '1', '1', '1,23,71,74,87,97,104,104,159,179', 'AC', null), ('211', '1', '2', '6,39,42,54,71,115,124,124,185,191,199,199', 'AC', null), ('212', '1', '3', '9,10,28,28,39,57,64,66,77,77,94,116,118,141,146,147,151,152,163,168,192,198', 'AC', null), ('213', '1', '4', '6,6,7,12,21,21,33,45,53,57,65,73,76,88,89,101,104,110,125,128,163,170,172,174,176,185,186,186,187,190,194', 'AC', null), ('214', '1', '5', '0,0,4,5,6,6,6,6,7,8,9,10,10,10,11,12,12,13,15,16,17,18,19,20,20,21,21,23,24,25,26,27,28,28,28,33,34,35,36,37,39,39,40,41,41,42,42,42,43,43,43,45,46,46,46,47,50,51,54,54,57,57,59,59,59,62,62,62,63,64,64,66,67,69,71,71,71,72,76,76,79,80,85,86,87,87,87,89,90,90,92,93,93,93,94,94,95,96,96,97,97,97,98,101,104,104,104,105,105,106,107,113,113,119,121,122,122,122,123,125,126,127,127,128,128,128,133,133,133,134,135,136,136,136,138,138,138,139,140,141,142,143,147,147,148,149,149,149,151,153,154,154,155,155,157,157,157,158,158,161,161,162,162,165,167,167,167,167,169,170,170,172,174,175,177,177,178,178,178,179,179,181,182,182,183,185,186,190,191,192,192,194,194,195,196,197,197,197,199,199', 'AC', null), ('215', '1', '1', '1,23,71,74,87,97,104,104,159,179', 'AC', null), ('216', '1', '2', '6,39,42,54,71,115,124,124,185,191,199,199', 'AC', null), ('217', '1', '3', '9,10,28,28,39,57,64,66,77,77,94,116,118,141,146,147,151,152,163,168,192,198', 'AC', null), ('218', '1', '4', '6,6,7,12,21,21,33,45,53,57,65,73,76,88,89,101,104,110,125,128,163,170,172,174,176,185,186,186,187,190,194', 'AC', null), ('219', '1', '5', '0,0,4,5,6,6,6,6,7,8,9,10,10,10,11,12,12,13,15,16,17,18,19,20,20,21,21,23,24,25,26,27,28,28,28,33,34,35,36,37,39,39,40,41,41,42,42,42,43,43,43,45,46,46,46,47,50,51,54,54,57,57,59,59,59,62,62,62,63,64,64,66,67,69,71,71,71,72,76,76,79,80,85,86,87,87,87,89,90,90,92,93,93,93,94,94,95,96,96,97,97,97,98,101,104,104,104,105,105,106,107,113,113,119,121,122,122,122,123,125,126,127,127,128,128,128,133,133,133,134,135,136,136,136,138,138,138,139,140,141,142,143,147,147,148,149,149,149,151,153,154,154,155,155,157,157,157,158,158,161,161,162,162,165,167,167,167,167,169,170,170,172,174,175,177,177,178,178,178,179,179,181,182,182,183,185,186,190,191,192,192,194,194,195,196,197,197,197,199,199', 'AC', null), ('220', '1', '1', '1,23,71,74,87,97,104,104,159,179', 'AC', null), ('221', '1', '2', '6,39,42,54,71,115,124,124,185,191,199,199', 'AC', null), ('222', '1', '3', '9,10,28,28,39,57,64,66,77,77,94,116,118,141,146,147,151,152,163,168,192,198', 'AC', null), ('223', '1', '4', '6,6,7,12,21,21,33,45,53,57,65,73,76,88,89,101,104,110,125,128,163,170,172,174,176,185,186,186,187,190,194', 'AC', null), ('224', '1', '5', '0,0,4,5,6,6,6,6,7,8,9,10,10,10,11,12,12,13,15,16,17,18,19,20,20,21,21,23,24,25,26,27,28,28,28,33,34,35,36,37,39,39,40,41,41,42,42,42,43,43,43,45,46,46,46,47,50,51,54,54,57,57,59,59,59,62,62,62,63,64,64,66,67,69,71,71,71,72,76,76,79,80,85,86,87,87,87,89,90,90,92,93,93,93,94,94,95,96,96,97,97,97,98,101,104,104,104,105,105,106,107,113,113,119,121,122,122,122,123,125,126,127,127,128,128,128,133,133,133,134,135,136,136,136,138,138,138,139,140,141,142,143,147,147,148,149,149,149,151,153,154,154,155,155,157,157,157,158,158,161,161,162,162,165,167,167,167,167,169,170,170,172,174,175,177,177,178,178,178,179,179,181,182,182,183,185,186,190,191,192,192,194,194,195,196,197,197,197,199,199', 'AC', null), ('225', '1', '1', '1,23,71,74,87,97,104,104,159,179', 'AC', null), ('226', '1', '2', '6,39,42,54,71,115,124,124,185,191,199,199', 'AC', null), ('227', '1', '3', '9,10,28,28,39,57,64,66,77,77,94,116,118,141,146,147,151,152,163,168,192,198', 'AC', null), ('228', '1', '4', '6,6,7,12,21,21,33,45,53,57,65,73,76,88,89,101,104,110,125,128,163,170,172,174,176,185,186,186,187,190,194', 'AC', null), ('229', '1', '5', '0,0,4,5,6,6,6,6,7,8,9,10,10,10,11,12,12,13,15,16,17,18,19,20,20,21,21,23,24,25,26,27,28,28,28,33,34,35,36,37,39,39,40,41,41,42,42,42,43,43,43,45,46,46,46,47,50,51,54,54,57,57,59,59,59,62,62,62,63,64,64,66,67,69,71,71,71,72,76,76,79,80,85,86,87,87,87,89,90,90,92,93,93,93,94,94,95,96,96,97,97,97,98,101,104,104,104,105,105,106,107,113,113,119,121,122,122,122,123,125,126,127,127,128,128,128,133,133,133,134,135,136,136,136,138,138,138,139,140,141,142,143,147,147,148,149,149,149,151,153,154,154,155,155,157,157,157,158,158,161,161,162,162,165,167,167,167,167,169,170,170,172,174,175,177,177,178,178,178,179,179,181,182,182,183,185,186,190,191,192,192,194,194,195,196,197,197,197,199,199', 'AC', null), ('230', '1', '1', '1,23,71,74,87,97,104,104,159,179', 'AC', null), ('231', '1', '2', '6,39,42,54,71,115,124,124,185,191,199,199', 'AC', null), ('232', '1', '3', '9,10,28,28,39,57,64,66,77,77,94,116,118,141,146,147,151,152,163,168,192,198', 'AC', null), ('233', '1', '4', '6,6,7,12,21,21,33,45,53,57,65,73,76,88,89,101,104,110,125,128,163,170,172,174,176,185,186,186,187,190,194', 'AC', null), ('234', '1', '5', '0,0,4,5,6,6,6,6,7,8,9,10,10,10,11,12,12,13,15,16,17,18,19,20,20,21,21,23,24,25,26,27,28,28,28,33,34,35,36,37,39,39,40,41,41,42,42,42,43,43,43,45,46,46,46,47,50,51,54,54,57,57,59,59,59,62,62,62,63,64,64,66,67,69,71,71,71,72,76,76,79,80,85,86,87,87,87,89,90,90,92,93,93,93,94,94,95,96,96,97,97,97,98,101,104,104,104,105,105,106,107,113,113,119,121,122,122,122,123,125,126,127,127,128,128,128,133,133,133,134,135,136,136,136,138,138,138,139,140,141,142,143,147,147,148,149,149,149,151,153,154,154,155,155,157,157,157,158,158,161,161,162,162,165,167,167,167,167,169,170,170,172,174,175,177,177,178,178,178,179,179,181,182,182,183,185,186,190,191,192,192,194,194,195,196,197,197,197,199,199', 'AC', null), ('235', '1', '1', '1,23,71,74,87,97,104,104,159,179', 'WA', null), ('236', '1', '2', '6,39,42,54,71,115,124,124,185,191,199,199', 'WA', null), ('237', '1', '3', '9,10,28,28,39,57,64,66,77,77,94,116,118,141,146,147,151,152,163,168,192,198', 'WA', null), ('238', '1', '4', '6,6,7,12,21,21,33,45,53,57,65,73,76,88,89,101,104,110,125,128,163,170,172,174,176,185,186,186,187,190,194', 'WA', null), ('239', '1', '5', '0,0,4,5,6,6,6,6,7,8,9,10,10,10,11,12,12,13,15,16,17,18,19,20,20,21,21,23,24,25,26,27,28,28,28,33,34,35,36,37,39,39,40,41,41,42,42,42,43,43,43,45,46,46,46,47,50,51,54,54,57,57,59,59,59,62,62,62,63,64,64,66,67,69,71,71,71,72,76,76,79,80,85,86,87,87,87,89,90,90,92,93,93,93,94,94,95,96,96,97,97,97,98,101,104,104,104,105,105,106,107,113,113,119,121,122,122,122,123,125,126,127,127,128,128,128,133,133,133,134,135,136,136,136,138,138,138,139,140,141,142,143,147,147,148,149,149,149,151,153,154,154,155,155,157,157,157,158,158,161,161,162,162,165,167,167,167,167,169,170,170,172,174,175,177,177,178,178,178,179,179,181,182,182,183,185,186,190,191,192,192,194,194,195,196,197,197,197,199,199', 'WA', null), ('240', '1', '1', '1,23,71,74,87,97,104,104,159,179', 'WA', null), ('241', '1', '2', '6,39,42,54,71,115,124,124,185,191,199,199', 'WA', null), ('242', '1', '3', '9,10,28,28,39,57,64,66,77,77,94,116,118,141,146,147,151,152,163,168,192,198', 'WA', null), ('243', '1', '4', '6,6,7,12,21,21,33,45,53,57,65,73,76,88,89,101,104,110,125,128,163,170,172,174,176,185,186,186,187,190,194', 'WA', null), ('244', '1', '5', '0,0,4,5,6,6,6,6,7,8,9,10,10,10,11,12,12,13,15,16,17,18,19,20,20,21,21,23,24,25,26,27,28,28,28,33,34,35,36,37,39,39,40,41,41,42,42,42,43,43,43,45,46,46,46,47,50,51,54,54,57,57,59,59,59,62,62,62,63,64,64,66,67,69,71,71,71,72,76,76,79,80,85,86,87,87,87,89,90,90,92,93,93,93,94,94,95,96,96,97,97,97,98,101,104,104,104,105,105,106,107,113,113,119,121,122,122,122,123,125,126,127,127,128,128,128,133,133,133,134,135,136,136,136,138,138,138,139,140,141,142,143,147,147,148,149,149,149,151,153,154,154,155,155,157,157,157,158,158,161,161,162,162,165,167,167,167,167,169,170,170,172,174,175,177,177,178,178,178,179,179,181,182,182,183,185,186,190,191,192,192,194,194,195,196,197,197,197,199,199', 'WA', null), ('245', '1', '1', '1,23,71,74,87,97,104,104,159,179', 'AC', null), ('246', '1', '2', '6,39,42,54,71,115,124,124,185,191,199,199', 'AC', null), ('247', '1', '3', '9,10,28,28,39,57,64,66,77,77,94,116,118,141,146,147,151,152,163,168,192,198', 'AC', null), ('248', '1', '4', '6,6,7,12,21,21,33,45,53,57,65,73,76,88,89,101,104,110,125,128,163,170,172,174,176,185,186,186,187,190,194', 'AC', null), ('249', '1', '5', '0,0,4,5,6,6,6,6,7,8,9,10,10,10,11,12,12,13,15,16,17,18,19,20,20,21,21,23,24,25,26,27,28,28,28,33,34,35,36,37,39,39,40,41,41,42,42,42,43,43,43,45,46,46,46,47,50,51,54,54,57,57,59,59,59,62,62,62,63,64,64,66,67,69,71,71,71,72,76,76,79,80,85,86,87,87,87,89,90,90,92,93,93,93,94,94,95,96,96,97,97,97,98,101,104,104,104,105,105,106,107,113,113,119,121,122,122,122,123,125,126,127,127,128,128,128,133,133,133,134,135,136,136,136,138,138,138,139,140,141,142,143,147,147,148,149,149,149,151,153,154,154,155,155,157,157,157,158,158,161,161,162,162,165,167,167,167,167,169,170,170,172,174,175,177,177,178,178,178,179,179,181,182,182,183,185,186,190,191,192,192,194,194,195,196,197,197,197,199,199', 'AC', null), ('250', '1', '1', '1,23,71,74,87,97,104,104,159,179', 'AC', null), ('251', '1', '2', '6,39,42,54,71,115,124,124,185,191,199,199', 'AC', null), ('252', '1', '3', '9,10,28,28,39,57,64,66,77,77,94,116,118,141,146,147,151,152,163,168,192,198', 'AC', null), ('253', '1', '4', '6,6,7,12,21,21,33,45,53,57,65,73,76,88,89,101,104,110,125,128,163,170,172,174,176,185,186,186,187,190,194', 'AC', null), ('254', '1', '5', '0,0,4,5,6,6,6,6,7,8,9,10,10,10,11,12,12,13,15,16,17,18,19,20,20,21,21,23,24,25,26,27,28,28,28,33,34,35,36,37,39,39,40,41,41,42,42,42,43,43,43,45,46,46,46,47,50,51,54,54,57,57,59,59,59,62,62,62,63,64,64,66,67,69,71,71,71,72,76,76,79,80,85,86,87,87,87,89,90,90,92,93,93,93,94,94,95,96,96,97,97,97,98,101,104,104,104,105,105,106,107,113,113,119,121,122,122,122,123,125,126,127,127,128,128,128,133,133,133,134,135,136,136,136,138,138,138,139,140,141,142,143,147,147,148,149,149,149,151,153,154,154,155,155,157,157,157,158,158,161,161,162,162,165,167,167,167,167,169,170,170,172,174,175,177,177,178,178,178,179,179,181,182,182,183,185,186,190,191,192,192,194,194,195,196,197,197,197,199,199', 'AC', null), ('255', '1', '1', 'FUCK', 'WA', null), ('256', '1', '2', 'FUCK', 'WA', null), ('257', '1', '3', 'FUCK', 'WA', null), ('258', '1', '4', 'FUCK', 'WA', null), ('259', '1', '5', 'FUCK', 'WA', null), ('260', '4', '17', '196,121,35,106,199,143,127,63,7,107,59,16,177,154,41,27,182,71,92,86,25,8,167,133,43,178,104,113,149,57,177,20,169,167,155,64,54,85,54,127,62,87,42,157,93,90,43,178,104,105,157,157,72,37,12,138,10,59,21,195,28,151,47,36,5,6,40,96,42,89,133,162,17,197,154,46,148,199,138,13,147,62,76,87,46,33,18,19,94,167,175,194,71,149,172,10,93,113,87,6,167,46,128,139,76,57,161,133,128,191,66,23,11,97,71,178,183,128,94,69,141,43,24,34,170,80,28,122,179,6,90,6,10,136,59,142,155,158,138,95,136,182,39,93,28,104,96,41,0,158,12,67,97,186,126,136,122,170,194,62,123,39,135,197,134,140,185,192,105,97,122,9,125,174,4,98,50,197,149,79,21,0,64,162,15,26,20,190,179,42,51,181,147,161,153,165,192,101,119,45', 'WA', null), ('261', '4', '18', '65,33,76,89,57,12,186,163,21,104,186,176,170,172,101,21,174,110,187,194,88,7,190,73,125,6,128,45,6,53,185', 'WA', null), ('262', '4', '19', '71,159,97,104,23,104,87,74,179,1', 'WA', null), ('263', '4', '20', '6,199,71,42,185,115,124,39,124,54,199,191', 'WA', null), ('264', '4', '21', '146,77,77,9,118,28,57,94,163,192,116,141,152,168,151,66,39,28,64,147,10,198', 'WA', null);
COMMIT;

-- ----------------------------
--  Table structure for `tbl_ploj_tests`
-- ----------------------------
DROP TABLE IF EXISTS `tbl_ploj_tests`;
CREATE TABLE `tbl_ploj_tests` (
  `TESTID` int(11) NOT NULL AUTO_INCREMENT,
  `TEST_PROBLEM_ID` int(11) DEFAULT NULL,
  `TEST_INPUT` varchar(1024) CHARACTER SET latin1 DEFAULT NULL,
  `TEST_OUTPUT` varchar(1024) CHARACTER SET latin1 DEFAULT NULL,
  PRIMARY KEY (`TESTID`)
) ENGINE=InnoDB AUTO_INCREMENT=27 DEFAULT CHARSET=utf8;

-- ----------------------------
--  Records of `tbl_ploj_tests`
-- ----------------------------
BEGIN;
INSERT INTO `tbl_ploj_tests` VALUES ('1', '1', '71,159,97,104,23,104,87,74,179,1', '1,23,71,74,87,97,104,104,159,179'), ('2', '1', '6,199,71,42,185,115,124,39,124,54,199,191', '6,39,42,54,71,115,124,124,185,191,199,199'), ('3', '1', '146,77,77,9,118,28,57,94,163,192,116,141,152,168,151,66,39,28,64,147,10,198', '9,10,28,28,39,57,64,66,77,77,94,116,118,141,146,147,151,152,163,168,192,198'), ('4', '1', '65,33,76,89,57,12,186,163,21,104,186,176,170,172,101,21,174,110,187,194,88,7,190,73,125,6,128,45,6,53,185', '6,6,7,12,21,21,33,45,53,57,65,73,76,88,89,101,104,110,125,128,163,170,172,174,176,185,186,186,187,190,194'), ('5', '1', '196,121,35,106,199,143,127,63,7,107,59,16,177,154,41,27,182,71,92,86,25,8,167,133,43,178,104,113,149,57,177,20,169,167,155,64,54,85,54,127,62,87,42,157,93,90,43,178,104,105,157,157,72,37,12,138,10,59,21,195,28,151,47,36,5,6,40,96,42,89,133,162,17,197,154,46,148,199,138,13,147,62,76,87,46,33,18,19,94,167,175,194,71,149,172,10,93,113,87,6,167,46,128,139,76,57,161,133,128,191,66,23,11,97,71,178,183,128,94,69,141,43,24,34,170,80,28,122,179,6,90,6,10,136,59,142,155,158,138,95,136,182,39,93,28,104,96,41,0,158,12,67,97,186,126,136,122,170,194,62,123,39,135,197,134,140,185,192,105,97,122,9,125,174,4,98,50,197,149,79,21,0,64,162,15,26,20,190,179,42,51,181,147,161,153,165,192,101,119,45', '0,0,4,5,6,6,6,6,7,8,9,10,10,10,11,12,12,13,15,16,17,18,19,20,20,21,21,23,24,25,26,27,28,28,28,33,34,35,36,37,39,39,40,41,41,42,42,42,43,43,43,45,46,46,46,47,50,51,54,54,57,57,59,59,59,62,62,62,63,64,64,66,67,69,71,71,71,72,76,76,79,80,85,86,87,87,87,89,90,90,92,93,93,93,94,94,95,96,96,97,97,97,98,101,104,104,104,105,105,106,107,113,113,119,121,122,122,122,123,125,126,127,127,128,128,128,133,133,133,134,135,136,136,136,138,138,138,139,140,141,142,143,147,147,148,149,149,149,151,153,154,154,155,155,157,157,157,158,158,161,161,162,162,165,167,167,167,167,169,170,170,172,174,175,177,177,178,178,178,179,179,181,182,182,183,185,186,190,191,192,192,194,194,195,196,197,197,197,199,199'), ('6', '2', '65,33,76,89,57,12,186,163,21,104,186,176,170,172,101,21,174,110,187,194,88,7,190,73,125,6,128,45,6,53,185', '6,6,7,12,21,21,33,45,53,57,65,73,76,88,89,101,104,110,125,128,163,170,172,174,176,185,186,186,187,190,194\\n'), ('7', '2', '71,159,97,104,23,104,87,74,179,1', '1,23,71,74,87,97,104,104,159,179\\n'), ('8', '2', '6,199,71,42,185,115,124,39,124,54,199,191', '6,39,42,54,71,115,124,124,185,191,199,199\\n'), ('9', '2', '146,77,77,9,118,28,57,94,163,192,116,141,152,168,151,66,39,28,64,147,10,198', '9,10,28,28,39,57,64,66,77,77,94,116,118,141,146,147,151,152,163,168,192,198\\n'), ('10', '2', '196,121,35,106,199,143,127,63,7,107,59,16,177,154,41,27,182,71,92,86,25,8,167,133,43,178,104,113,149,57,177,20,169,167,155,64,54,85,54,127,62,87,42,157,93,90,43,178,104,105,157,157,72,37,12,138,10,59,21,195,28,151,47,36,5,6,40,96,42,89,133,162,17,197,154,46,148,199,138,13,147,62,76,87,46,33,18,19,94,167,175,194,71,149,172,10,93,113,87,6,167,46,128,139,76,57,161,133,128,191,66,23,11,97,71,178,183,128,94,69,141,43,24,34,170,80,28,122,179,6,90,6,10,136,59,142,155,158,138,95,136,182,39,93,28,104,96,41,0,158,12,67,97,186,126,136,122,170,194,62,123,39,135,197,134,140,185,192,105,97,122,9,125,174,4,98,50,197,149,79,21,0,64,162,15,26,20,190,179,42,51,181,147,161,153,165,192,101,119,45', '0,0,4,5,6,6,6,6,7,8,9,10,10,10,11,12,12,13,15,16,17,18,19,20,20,21,21,23,24,25,26,27,28,28,28,33,34,35,36,37,39,39,40,41,41,42,42,42,43,43,43,45,46,46,46,47,50,51,54,54,57,57,59,59,59,62,62,62,63,64,64,66,67,69,71,71,71,72,76,76,79,80,85,86,87,87,87,89,90,90,92,93,93,93,94,94,95,96,96,97,97,97,98,101,104,104,104,105,105,106,107,113,113,119,121,122,122,122,123,125,126,127,127,128,128,128,133,133,133,134,135,136,136,136,138,138,138,139,140,141,142,143,147,147,148,149,149,149,151,153,154,154,155,155,157,157,157,158,158,161,161,162,162,165,167,167,167,167,169,170,170,172,174,175,177,177,178,178,178,179,179,181,182,182,183,185,186,190,191,192,192,194,194,195,196,197,197,197,199,199\\n'), ('11', '3', '196,121,35,106,199,143,127,63,7,107,59,16,177,154,41,27,182,71,92,86,25,8,167,133,43,178,104,113,149,57,177,20,169,167,155,64,54,85,54,127,62,87,42,157,93,90,43,178,104,105,157,157,72,37,12,138,10,59,21,195,28,151,47,36,5,6,40,96,42,89,133,162,17,197,154,46,148,199,138,13,147,62,76,87,46,33,18,19,94,167,175,194,71,149,172,10,93,113,87,6,167,46,128,139,76,57,161,133,128,191,66,23,11,97,71,178,183,128,94,69,141,43,24,34,170,80,28,122,179,6,90,6,10,136,59,142,155,158,138,95,136,182,39,93,28,104,96,41,0,158,12,67,97,186,126,136,122,170,194,62,123,39,135,197,134,140,185,192,105,97,122,9,125,174,4,98,50,197,149,79,21,0,64,162,15,26,20,190,179,42,51,181,147,161,153,165,192,101,119,45', '0,0,4,5,6,6,6,6,7,8,9,10,10,10,11,12,12,13,15,16,17,18,19,20,20,21,21,23,24,25,26,27,28,28,28,33,34,35,36,37,39,39,40,41,41,42,42,42,43,43,43,45,46,46,46,47,50,51,54,54,57,57,59,59,59,62,62,62,63,64,64,66,67,69,71,71,71,72,76,76,79,80,85,86,87,87,87,89,90,90,92,93,93,93,94,94,95,96,96,97,97,97,98,101,104,104,104,105,105,106,107,113,113,119,121,122,122,122,123,125,126,127,127,128,128,128,133,133,133,134,135,136,136,136,138,138,138,139,140,141,142,143,147,147,148,149,149,149,151,153,154,154,155,155,157,157,157,158,158,161,161,162,162,165,167,167,167,167,169,170,170,172,174,175,177,177,178,178,178,179,179,181,182,182,183,185,186,190,191,192,192,194,194,195,196,197,197,197,199,199\\n'), ('12', '3', '65,33,76,89,57,12,186,163,21,104,186,176,170,172,101,21,174,110,187,194,88,7,190,73,125,6,128,45,6,53,185', '6,6,7,12,21,21,33,45,53,57,65,73,76,88,89,101,104,110,125,128,163,170,172,174,176,185,186,186,187,190,194\\n'), ('13', '3', '71,159,97,104,23,104,87,74,179,1', '1,23,71,74,87,97,104,104,159,179\\n'), ('14', '3', '6,199,71,42,185,115,124,39,124,54,199,191', '6,39,42,54,71,115,124,124,185,191,199,199\\n'), ('15', '3', '146,77,77,9,118,28,57,94,163,192,116,141,152,168,151,66,39,28,64,147,10,198', '9,10,28,28,39,57,64,66,77,77,94,116,118,141,146,147,151,152,163,168,192,198\\n'), ('17', '4', '196,121,35,106,199,143,127,63,7,107,59,16,177,154,41,27,182,71,92,86,25,8,167,133,43,178,104,113,149,57,177,20,169,167,155,64,54,85,54,127,62,87,42,157,93,90,43,178,104,105,157,157,72,37,12,138,10,59,21,195,28,151,47,36,5,6,40,96,42,89,133,162,17,197,154,46,148,199,138,13,147,62,76,87,46,33,18,19,94,167,175,194,71,149,172,10,93,113,87,6,167,46,128,139,76,57,161,133,128,191,66,23,11,97,71,178,183,128,94,69,141,43,24,34,170,80,28,122,179,6,90,6,10,136,59,142,155,158,138,95,136,182,39,93,28,104,96,41,0,158,12,67,97,186,126,136,122,170,194,62,123,39,135,197,134,140,185,192,105,97,122,9,125,174,4,98,50,197,149,79,21,0,64,162,15,26,20,190,179,42,51,181,147,161,153,165,192,101,119,45', '0,0,4,5,6,6,6,6,7,8,9,10,10,10,11,12,12,13,15,16,17,18,19,20,20,21,21,23,24,25,26,27,28,28,28,33,34,35,36,37,39,39,40,41,41,42,42,42,43,43,43,45,46,46,46,47,50,51,54,54,57,57,59,59,59,62,62,62,63,64,64,66,67,69,71,71,71,72,76,76,79,80,85,86,87,87,87,89,90,90,92,93,93,93,94,94,95,96,96,97,97,97,98,101,104,104,104,105,105,106,107,113,113,119,121,122,122,122,123,125,126,127,127,128,128,128,133,133,133,134,135,136,136,136,138,138,138,139,140,141,142,143,147,147,148,149,149,149,151,153,154,154,155,155,157,157,157,158,158,161,161,162,162,165,167,167,167,167,169,170,170,172,174,175,177,177,178,178,178,179,179,181,182,182,183,185,186,190,191,192,192,194,194,195,196,197,197,197,199,199\\n'), ('18', '4', '65,33,76,89,57,12,186,163,21,104,186,176,170,172,101,21,174,110,187,194,88,7,190,73,125,6,128,45,6,53,185', '6,6,7,12,21,21,33,45,53,57,65,73,76,88,89,101,104,110,125,128,163,170,172,174,176,185,186,186,187,190,194\\n'), ('19', '4', '71,159,97,104,23,104,87,74,179,1', '1,23,71,74,87,97,104,104,159,179\\n'), ('20', '4', '6,199,71,42,185,115,124,39,124,54,199,191', '6,39,42,54,71,115,124,124,185,191,199,199\\n'), ('21', '4', '146,77,77,9,118,28,57,94,163,192,116,141,152,168,151,66,39,28,64,147,10,198', '9,10,28,28,39,57,64,66,77,77,94,116,118,141,146,147,151,152,163,168,192,198\\n'), ('22', '5', '196,121,35,106,199,143,127,63,7,107,59,16,177,154,41,27,182,71,92,86,25,8,167,133,43,178,104,113,149,57,177,20,169,167,155,64,54,85,54,127,62,87,42,157,93,90,43,178,104,105,157,157,72,37,12,138,10,59,21,195,28,151,47,36,5,6,40,96,42,89,133,162,17,197,154,46,148,199,138,13,147,62,76,87,46,33,18,19,94,167,175,194,71,149,172,10,93,113,87,6,167,46,128,139,76,57,161,133,128,191,66,23,11,97,71,178,183,128,94,69,141,43,24,34,170,80,28,122,179,6,90,6,10,136,59,142,155,158,138,95,136,182,39,93,28,104,96,41,0,158,12,67,97,186,126,136,122,170,194,62,123,39,135,197,134,140,185,192,105,97,122,9,125,174,4,98,50,197,149,79,21,0,64,162,15,26,20,190,179,42,51,181,147,161,153,165,192,101,119,45', '0,0,4,5,6,6,6,6,7,8,9,10,10,10,11,12,12,13,15,16,17,18,19,20,20,21,21,23,24,25,26,27,28,28,28,33,34,35,36,37,39,39,40,41,41,42,42,42,43,43,43,45,46,46,46,47,50,51,54,54,57,57,59,59,59,62,62,62,63,64,64,66,67,69,71,71,71,72,76,76,79,80,85,86,87,87,87,89,90,90,92,93,93,93,94,94,95,96,96,97,97,97,98,101,104,104,104,105,105,106,107,113,113,119,121,122,122,122,123,125,126,127,127,128,128,128,133,133,133,134,135,136,136,136,138,138,138,139,140,141,142,143,147,147,148,149,149,149,151,153,154,154,155,155,157,157,157,158,158,161,161,162,162,165,167,167,167,167,169,170,170,172,174,175,177,177,178,178,178,179,179,181,182,182,183,185,186,190,191,192,192,194,194,195,196,197,197,197,199,199\\n'), ('23', '5', '65,33,76,89,57,12,186,163,21,104,186,176,170,172,101,21,174,110,187,194,88,7,190,73,125,6,128,45,6,53,185', '6,6,7,12,21,21,33,45,53,57,65,73,76,88,89,101,104,110,125,128,163,170,172,174,176,185,186,186,187,190,194\\n'), ('24', '5', '71,159,97,104,23,104,87,74,179,1', '1,23,71,74,87,97,104,104,159,179\\n'), ('25', '5', '6,199,71,42,185,115,124,39,124,54,199,191', '6,39,42,54,71,115,124,124,185,191,199,199\\n'), ('26', '5', '146,77,77,9,118,28,57,94,163,192,116,141,152,168,151,66,39,28,64,147,10,198', '9,10,28,28,39,57,64,66,77,77,94,116,118,141,146,147,151,152,163,168,192,198\\n');
COMMIT;

-- ----------------------------
--  Table structure for `tbl_ploj_user`
-- ----------------------------
DROP TABLE IF EXISTS `tbl_ploj_user`;
CREATE TABLE `tbl_ploj_user` (
  `USERID` int(11) NOT NULL AUTO_INCREMENT,
  `USERNAME` varchar(255) DEFAULT NULL,
  `EMAIL` varchar(255) DEFAULT NULL,
  `PASSWORD` varchar(255) DEFAULT NULL,
  PRIMARY KEY (`USERID`)
) ENGINE=InnoDB AUTO_INCREMENT=5 DEFAULT CHARSET=utf8;

-- ----------------------------
--  Records of `tbl_ploj_user`
-- ----------------------------
BEGIN;
INSERT INTO `tbl_ploj_user` VALUES ('1', 'admin', 'rocking2013@hotmail.com ', 'admin'), ('4', 'jinhaoluo', 'rocking2013@hotmail.com', 'sjtkZQmDC5OaZUAq3Wiw2Q==');
COMMIT;

SET FOREIGN_KEY_CHECKS = 1;
